50,2937,21,4,58,src/main/scala/temp_sudokuTest1.txt,48,26265,34,21,26265,23328,12009,300
39,2937,21,0,49,src/main/scala/temp_sudokuTest2.txt,39,26265,31,21,26265,23328,12009,198
302,2938,22,1,383,src/main/scala/temp_sudokuTest3.txt,289,26266,196,22,26266,23328,12010,531
59,2938,22,4,71,src/main/scala/temp_sudokuTest4.txt,55,26266,39,22,26266,23328,12010,208
188,2938,22,1,213,src/main/scala/temp_sudokuTest5.txt,183,26266,110,22,26266,23328,12010,399
70,2938,22,1,103,src/main/scala/temp_sudokuTest6.txt,70,26266,56,22,26266,23328,12010,217
112,2938,22,3,130,src/main/scala/temp_sudokuTest7.txt,111,26266,69,22,26266,23328,12010,320
27,2938,22,4,33,src/main/scala/temp_sudokuTest8.txt,26,26266,21,22,26266,23328,12010,184
49,2938,22,1,56,src/main/scala/temp_sudokuTest9.txt,48,26266,32,22,26266,23328,12010,221
176,2938,22,2,220,src/main/scala/temp_sudokuTest10.txt,169,26266,112,22,26266,23328,12010,378
35,2938,22,3,38,src/main/scala/temp_sudokuTest11.txt,33,26266,23,22,26266,23328,12010,187
73,2938,22,2,91,src/main/scala/temp_sudokuTest12.txt,73,26266,49,22,26266,23328,12010,428
18,2938,22,2,18,src/main/scala/temp_sudokuTest13.txt,17,26266,14,22,26266,23328,12010,182
68,2938,22,3,84,src/main/scala/temp_sudokuTest14.txt,68,26266,45,22,26266,23328,12010,392
67,2938,22,2,85,src/main/scala/temp_sudokuTest15.txt,65,26266,46,22,26266,23328,12010,342
181,2938,22,1,238,src/main/scala/temp_sudokuTest16.txt,174,26266,123,22,26266,23328,12010,491
20,2938,22,1,21,src/main/scala/temp_sudokuTest17.txt,17,26266,14,22,26266,23328,12010,177
37,2938,22,3,42,src/main/scala/temp_sudokuTest18.txt,36,26266,26,22,26266,23328,12010,195
27,2938,22,0,31,src/main/scala/temp_sudokuTest19.txt,27,26266,20,22,26266,23328,12010,349
18,2938,22,2,23,src/main/scala/temp_sudokuTest20.txt,17,26266,14,22,26266,23328,12010,174
23,2938,22,1,24,src/main/scala/temp_sudokuTest21.txt,22,26266,16,22,26266,23328,12010,182
114,2939,23,3,136,src/main/scala/temp_sudokuTest22.txt,111,26267,72,23,26267,23328,12011,434
25,2939,23,3,28,src/main/scala/temp_sudokuTest23.txt,24,26267,18,23,26267,23328,12011,176
35,2939,23,2,43,src/main/scala/temp_sudokuTest24.txt,34,26267,27,23,26267,23328,12011,195
35,2939,23,2,44,src/main/scala/temp_sudokuTest25.txt,34,26267,26,23,26267,23328,12011,173
152,2939,23,1,178,src/main/scala/temp_sudokuTest26.txt,150,26267,91,23,26267,23328,12011,312
67,2939,23,2,74,src/main/scala/temp_sudokuTest27.txt,63,26267,40,23,26267,23328,12011,236
600,2939,23,2,699,src/main/scala/temp_sudokuTest28.txt,594,26267,355,23,26267,23328,12011,714
71,2939,23,1,85,src/main/scala/temp_sudokuTest29.txt,70,26267,47,23,26267,23328,12011,375
23,2939,23,3,28,src/main/scala/temp_sudokuTest30.txt,22,26267,18,23,26267,23328,12011,180
109,2939,23,4,128,src/main/scala/temp_sudokuTest31.txt,108,26267,68,23,26267,23328,12011,280
73,2939,23,0,87,src/main/scala/temp_sudokuTest32.txt,71,26267,46,23,26267,23328,12011,238
75,2939,23,2,102,src/main/scala/temp_sudokuTest33.txt,71,26267,56,23,26267,23328,12011,352
42,2939,23,2,55,src/main/scala/temp_sudokuTest34.txt,41,26267,32,23,26267,23328,12011,195
46,2939,23,1,54,src/main/scala/temp_sudokuTest35.txt,45,26267,32,23,26267,23328,12011,344
97,2939,23,0,112,src/main/scala/temp_sudokuTest36.txt,94,26267,60,23,26267,23328,12011,239
51,2939,23,1,59,src/main/scala/temp_sudokuTest37.txt,50,26267,33,23,26267,23328,12011,192
154,2939,23,0,175,src/main/scala/temp_sudokuTest38.txt,153,26267,90,23,26267,23328,12011,421
22,2939,23,1,26,src/main/scala/temp_sudokuTest39.txt,21,26267,18,23,26267,23328,12011,176
140,2939,23,2,161,src/main/scala/temp_sudokuTest40.txt,139,26267,84,23,26267,23328,12011,469
1192,2939,23,2,1417,src/main/scala/temp_sudokuTest41.txt,1190,26267,713,23,26267,23328,12011,975
95,2939,23,0,108,src/main/scala/temp_sudokuTest42.txt,95,26267,57,23,26267,23328,12011,237
12,2939,23,3,12,src/main/scala/temp_sudokuTest43.txt,11,26267,11,23,26267,23328,12011,165
18,2939,23,0,19,src/main/scala/temp_sudokuTest44.txt,17,26267,13,23,26267,23328,12011,175
282,2939,23,0,321,src/main/scala/temp_sudokuTest45.txt,277,26267,164,23,26267,23328,12011,566
58,2939,23,2,70,src/main/scala/temp_sudokuTest46.txt,57,26267,41,23,26267,23328,12011,199
120,2939,23,1,157,src/main/scala/temp_sudokuTest47.txt,118,26267,82,23,26267,23328,12011,232
16,2939,23,5,18,src/main/scala/temp_sudokuTest48.txt,16,26267,15,23,26267,23328,12011,170
75,2939,23,2,96,src/main/scala/temp_sudokuTest49.txt,75,26267,53,23,26267,23328,12011,208
38,2939,23,3,50,src/main/scala/temp_sudokuTest50.txt,37,26267,30,23,26267,23328,12011,196
45,2939,23,2,50,src/main/scala/temp_sudokuTest51.txt,43,26267,29,23,26267,23328,12011,367
68,2939,23,1,83,src/main/scala/temp_sudokuTest52.txt,67,26267,44,23,26267,23328,12011,362
82,2939,23,5,103,src/main/scala/temp_sudokuTest53.txt,81,26267,54,23,26267,23328,12011,226
43,2939,23,1,58,src/main/scala/temp_sudokuTest54.txt,43,26267,34,23,26267,23328,12011,186
96,2939,23,1,110,src/main/scala/temp_sudokuTest55.txt,92,26267,59,23,26267,23328,12011,226
85,2939,23,2,118,src/main/scala/temp_sudokuTest56.txt,81,26267,67,23,26267,23328,12011,190
61,2939,23,1,78,src/main/scala/temp_sudokuTest57.txt,61,26267,42,23,26267,23328,12011,205
23,2939,23,1,24,src/main/scala/temp_sudokuTest58.txt,22,26267,15,23,26267,23328,12011,343
69,2939,23,4,96,src/main/scala/temp_sudokuTest59.txt,67,26267,53,23,26267,23328,12011,193
69,2939,23,4,91,src/main/scala/temp_sudokuTest60.txt,64,26267,51,23,26267,23328,12011,209
433,2939,23,0,488,src/main/scala/temp_sudokuTest61.txt,429,26267,247,23,26267,23328,12011,687
42,2939,23,4,50,src/main/scala/temp_sudokuTest62.txt,42,26267,30,23,26267,23328,12011,204
59,2939,23,2,78,src/main/scala/temp_sudokuTest63.txt,55,26267,44,23,26267,23328,12011,206
32,2939,23,5,36,src/main/scala/temp_sudokuTest64.txt,32,26267,23,23,26267,23328,12011,183
20,2939,23,3,24,src/main/scala/temp_sudokuTest65.txt,20,26267,17,23,26267,23328,12011,180
30,2939,23,2,35,src/main/scala/temp_sudokuTest66.txt,29,26267,21,23,26267,23328,12011,189
98,2939,23,2,124,src/main/scala/temp_sudokuTest67.txt,95,26267,65,23,26267,23328,12011,303
125,2939,23,1,147,src/main/scala/temp_sudokuTest68.txt,124,26267,80,23,26267,23328,12011,218
24,2939,23,5,27,src/main/scala/temp_sudokuTest69.txt,23,26267,19,23,26267,23328,12011,186
45,2939,23,2,57,src/main/scala/temp_sudokuTest70.txt,44,26267,32,23,26267,23328,12011,205
185,2939,23,4,229,src/main/scala/temp_sudokuTest71.txt,181,26267,120,23,26267,23328,12011,274
59,2939,23,3,69,src/main/scala/temp_sudokuTest72.txt,56,26267,38,23,26267,23328,12011,211
55,2939,23,3,68,src/main/scala/temp_sudokuTest73.txt,52,26267,38,23,26267,23328,12011,180
27,2939,23,1,31,src/main/scala/temp_sudokuTest74.txt,27,26267,24,23,26267,23328,12011,176
53,2939,23,2,61,src/main/scala/temp_sudokuTest75.txt,52,26267,34,23,26267,23328,12011,212
46,2939,23,3,58,src/main/scala/temp_sudokuTest76.txt,45,26267,32,23,26267,23328,12011,184
44,2939,23,1,57,src/main/scala/temp_sudokuTest77.txt,43,26267,31,23,26267,23328,12011,202
56,2939,23,0,59,src/main/scala/temp_sudokuTest78.txt,55,26267,33,23,26267,23328,12011,217
22,2939,23,1,26,src/main/scala/temp_sudokuTest79.txt,22,26267,18,23,26267,23328,12011,179
138,2939,23,3,192,src/main/scala/temp_sudokuTest80.txt,133,26267,100,23,26267,23328,12011,263
29,2939,23,3,33,src/main/scala/temp_sudokuTest81.txt,27,26267,21,23,26267,23328,12011,178
179,2939,23,4,248,src/main/scala/temp_sudokuTest82.txt,173,26267,129,23,26267,23328,12011,297
46,2939,23,2,51,src/main/scala/temp_sudokuTest83.txt,45,26267,29,23,26267,23328,12011,345
148,2939,23,3,187,src/main/scala/temp_sudokuTest84.txt,147,26267,99,23,26267,23328,12011,289
43,2939,23,2,49,src/main/scala/temp_sudokuTest85.txt,43,26267,29,23,26267,23328,12011,200
24,2939,23,1,28,src/main/scala/temp_sudokuTest86.txt,23,26267,19,23,26267,23328,12011,188
60,2939,23,1,68,src/main/scala/temp_sudokuTest87.txt,59,26267,38,23,26267,23328,12011,230
113,2939,23,3,151,src/main/scala/temp_sudokuTest88.txt,113,26267,79,23,26267,23328,12011,431
110,2939,23,2,138,src/main/scala/temp_sudokuTest89.txt,109,26267,71,23,26267,23328,12011,382
127,2939,23,2,152,src/main/scala/temp_sudokuTest90.txt,125,26267,81,23,26267,23328,12011,263
69,2939,23,2,90,src/main/scala/temp_sudokuTest91.txt,67,26267,51,23,26267,23328,12011,206
37,2939,23,2,40,src/main/scala/temp_sudokuTest92.txt,36,26267,24,23,26267,23328,12011,334
39,2939,23,4,47,src/main/scala/temp_sudokuTest93.txt,37,26267,29,23,26267,23328,12011,336
37,2939,23,3,39,src/main/scala/temp_sudokuTest94.txt,36,26267,23,23,26267,23328,12011,336
30,2939,23,2,35,src/main/scala/temp_sudokuTest95.txt,28,26267,21,23,26267,23328,12011,189
99,2939,23,3,125,src/main/scala/temp_sudokuTest96.txt,99,26267,67,23,26267,23328,12011,236
20,2939,23,4,22,src/main/scala/temp_sudokuTest97.txt,17,26267,15,23,26267,23328,12011,170
46,2939,23,2,55,src/main/scala/temp_sudokuTest98.txt,44,26267,30,23,26267,23328,12011,213
112,2939,23,1,126,src/main/scala/temp_sudokuTest99.txt,110,26267,67,23,26267,23328,12011,285
37,2939,23,3,43,src/main/scala/temp_sudokuTest100.txt,35,26267,25,23,26267,23328,12011,344
17,2939,23,3,19,src/main/scala/temp_sudokuTest101.txt,16,26267,16,23,26267,23328,12011,168
100,2939,23,3,120,src/main/scala/temp_sudokuTest102.txt,99,26267,64,23,26267,23328,12011,360
227,2939,23,0,277,src/main/scala/temp_sudokuTest103.txt,225,26267,142,23,26267,23328,12011,361
13,2939,23,2,17,src/main/scala/temp_sudokuTest104.txt,12,26267,12,23,26267,23328,12011,162
67,2939,23,3,84,src/main/scala/temp_sudokuTest105.txt,63,26267,44,23,26267,23328,12011,254
30,2939,23,2,33,src/main/scala/temp_sudokuTest106.txt,29,26267,21,23,26267,23328,12011,342
13,2939,23,2,13,src/main/scala/temp_sudokuTest107.txt,12,26267,10,23,26267,23328,12011,306
72,2939,23,3,95,src/main/scala/temp_sudokuTest108.txt,69,26267,53,23,26267,23328,12011,214
127,2939,23,2,147,src/main/scala/temp_sudokuTest109.txt,124,26267,77,23,26267,23328,12011,456
90,2939,23,2,114,src/main/scala/temp_sudokuTest110.txt,89,26267,61,23,26267,23328,12011,382
44,2939,23,5,61,src/main/scala/temp_sudokuTest111.txt,42,26267,37,23,26267,23328,12011,201
22,2939,23,3,24,src/main/scala/temp_sudokuTest112.txt,21,26267,17,23,26267,23328,12011,186
73,2939,23,3,100,src/main/scala/temp_sudokuTest113.txt,72,26267,55,23,26267,23328,12011,199
60,2939,23,3,66,src/main/scala/temp_sudokuTest114.txt,59,26267,37,23,26267,23328,12011,207
118,2939,23,0,135,src/main/scala/temp_sudokuTest115.txt,111,26267,71,23,26267,23328,12011,421
45,2939,23,2,54,src/main/scala/temp_sudokuTest116.txt,41,26267,30,23,26267,23328,12011,189
58,2939,23,2,78,src/main/scala/temp_sudokuTest117.txt,57,26267,42,23,26267,23328,12011,221
48,2939,23,3,56,src/main/scala/temp_sudokuTest118.txt,46,26267,33,23,26267,23328,12011,200
85,2939,23,1,111,src/main/scala/temp_sudokuTest119.txt,85,26267,60,23,26267,23328,12011,205
54,2939,23,2,63,src/main/scala/temp_sudokuTest120.txt,53,26267,35,23,26267,23328,12011,211
66,2939,23,1,83,src/main/scala/temp_sudokuTest121.txt,63,26267,46,23,26267,23328,12011,388
183,2939,23,2,218,src/main/scala/temp_sudokuTest122.txt,180,26267,113,23,26267,23328,12011,463
451,2939,23,1,573,src/main/scala/temp_sudokuTest123.txt,447,26267,291,23,26267,23328,12011,580
104,2939,23,2,126,src/main/scala/temp_sudokuTest124.txt,101,26267,65,23,26267,23328,12011,226
21,2939,23,4,22,src/main/scala/temp_sudokuTest125.txt,20,26267,16,23,26267,23328,12011,173
93,2939,23,0,106,src/main/scala/temp_sudokuTest126.txt,88,26267,57,23,26267,23328,12011,240
41,2939,23,3,48,src/main/scala/temp_sudokuTest127.txt,40,26267,28,23,26267,23328,12011,183
202,2939,23,3,246,src/main/scala/temp_sudokuTest128.txt,199,26267,127,23,26267,23328,12011,282
64,2939,23,4,74,src/main/scala/temp_sudokuTest129.txt,62,26267,42,23,26267,23328,12011,216
24,2939,23,1,31,src/main/scala/temp_sudokuTest130.txt,24,26267,21,23,26267,23328,12011,179
94,2939,23,4,121,src/main/scala/temp_sudokuTest131.txt,92,26267,65,23,26267,23328,12011,225
87,2939,23,2,111,src/main/scala/temp_sudokuTest132.txt,86,26267,60,23,26267,23328,12011,223
39,2939,23,4,44,src/main/scala/temp_sudokuTest133.txt,38,26267,28,23,26267,23328,12011,198
103,2939,23,2,125,src/main/scala/temp_sudokuTest134.txt,103,26267,68,23,26267,23328,12011,249
20,2939,23,4,24,src/main/scala/temp_sudokuTest135.txt,20,26267,16,23,26267,23328,12011,175
18,2939,23,4,21,src/main/scala/temp_sudokuTest136.txt,18,26267,14,23,26267,23328,12011,186
23,2939,23,1,28,src/main/scala/temp_sudokuTest137.txt,21,26267,18,23,26267,23328,12011,178
97,2939,23,1,119,src/main/scala/temp_sudokuTest138.txt,95,26267,62,23,26267,23328,12011,258
46,2939,23,4,54,src/main/scala/temp_sudokuTest139.txt,45,26267,33,23,26267,23328,12011,342
133,2940,24,2,161,src/main/scala/temp_sudokuTest140.txt,130,26268,83,24,26268,23328,12012,251
112,2940,24,2,150,src/main/scala/temp_sudokuTest141.txt,108,26268,78,24,26268,23328,12012,261
48,2940,24,2,62,src/main/scala/temp_sudokuTest142.txt,47,26268,36,24,26268,23328,12012,194
99,2940,24,2,126,src/main/scala/temp_sudokuTest143.txt,97,26268,67,24,26268,23328,12012,226
52,2940,24,2,69,src/main/scala/temp_sudokuTest144.txt,50,26268,40,24,26268,23328,12012,210
65,2940,24,0,75,src/main/scala/temp_sudokuTest145.txt,64,26268,41,24,26268,23328,12012,366
118,2940,24,2,157,src/main/scala/temp_sudokuTest146.txt,114,26268,83,24,26268,23328,12012,228
33,2940,24,0,34,src/main/scala/temp_sudokuTest147.txt,32,26268,21,24,26268,23328,12012,199
118,2940,24,3,144,src/main/scala/temp_sudokuTest148.txt,117,26268,76,24,26268,23328,12012,259
42,2940,24,5,50,src/main/scala/temp_sudokuTest149.txt,42,26268,31,24,26268,23328,12012,189
39,2940,24,2,42,src/main/scala/temp_sudokuTest150.txt,38,26268,25,24,26268,23328,12012,212
45,2940,24,2,54,src/main/scala/temp_sudokuTest151.txt,42,26268,30,24,26268,23328,12012,209
83,2940,24,3,109,src/main/scala/temp_sudokuTest152.txt,77,26268,59,24,26268,23328,12012,209
107,2940,24,2,141,src/main/scala/temp_sudokuTest153.txt,104,26268,74,24,26268,23328,12012,259
95,2940,24,4,123,src/main/scala/temp_sudokuTest154.txt,92,26268,66,24,26268,23328,12012,218
81,2940,24,1,94,src/main/scala/temp_sudokuTest155.txt,77,26268,51,24,26268,23328,12012,231
33,2940,24,2,38,src/main/scala/temp_sudokuTest156.txt,32,26268,23,24,26268,23328,12012,356
87,2940,24,2,104,src/main/scala/temp_sudokuTest157.txt,83,26268,56,24,26268,23328,12012,374
327,2940,24,0,409,src/main/scala/temp_sudokuTest158.txt,311,26268,208,24,26268,23328,12012,490
75,2940,24,4,98,src/main/scala/temp_sudokuTest159.txt,73,26268,53,24,26268,23328,12012,367
189,2940,24,2,232,src/main/scala/temp_sudokuTest160.txt,184,26268,120,24,26268,23328,12012,477
59,2940,24,1,74,src/main/scala/temp_sudokuTest161.txt,56,26268,40,24,26268,23328,12012,213
39,2940,24,2,47,src/main/scala/temp_sudokuTest162.txt,38,26268,26,24,26268,23328,12012,361
56,2940,24,1,65,src/main/scala/temp_sudokuTest163.txt,55,26268,35,24,26268,23328,12012,232
70,2940,24,4,90,src/main/scala/temp_sudokuTest164.txt,68,26268,50,24,26268,23328,12012,214
30,2940,24,1,35,src/main/scala/temp_sudokuTest165.txt,30,26268,22,24,26268,23328,12012,192
128,2940,24,3,150,src/main/scala/temp_sudokuTest166.txt,121,26268,79,24,26268,23328,12012,387
279,2940,24,0,360,src/main/scala/temp_sudokuTest167.txt,274,26268,184,24,26268,23328,12012,469
33,2940,24,3,40,src/main/scala/temp_sudokuTest168.txt,30,26268,23,24,26268,23328,12012,188
173,2940,24,4,220,src/main/scala/temp_sudokuTest169.txt,172,26268,115,24,26268,23328,12012,279
87,2940,24,1,107,src/main/scala/temp_sudokuTest170.txt,86,26268,58,24,26268,23328,12012,399
33,2940,24,1,37,src/main/scala/temp_sudokuTest171.txt,32,26268,23,24,26268,23328,12012,190
112,2940,24,3,147,src/main/scala/temp_sudokuTest172.txt,110,26268,78,24,26268,23328,12012,210
292,2940,24,1,388,src/main/scala/temp_sudokuTest173.txt,278,26268,196,24,26268,23328,12012,322
16,2940,24,5,17,src/main/scala/temp_sudokuTest174.txt,15,26268,14,24,26268,23328,12012,174
136,2940,24,2,180,src/main/scala/temp_sudokuTest175.txt,134,26268,96,24,26268,23328,12012,222
66,2940,24,2,79,src/main/scala/temp_sudokuTest176.txt,63,26268,43,24,26268,23328,12012,210
66,2940,24,4,91,src/main/scala/temp_sudokuTest177.txt,66,26268,49,24,26268,23328,12012,207
42,2940,24,0,48,src/main/scala/temp_sudokuTest178.txt,38,26268,27,24,26268,23328,12012,357
197,2940,24,2,253,src/main/scala/temp_sudokuTest179.txt,196,26268,132,24,26268,23328,12012,278
31,2940,24,0,36,src/main/scala/temp_sudokuTest180.txt,29,26268,21,24,26268,23328,12012,190
183,2940,24,3,238,src/main/scala/temp_sudokuTest181.txt,179,26268,123,24,26268,23328,12012,480
189,2940,24,0,213,src/main/scala/temp_sudokuTest182.txt,187,26268,112,24,26268,23328,12012,483
82,2940,24,3,98,src/main/scala/temp_sudokuTest183.txt,79,26268,51,24,26268,23328,12012,402
27,2940,24,1,31,src/main/scala/temp_sudokuTest184.txt,26,26268,18,24,26268,23328,12012,182
23,2940,24,1,24,src/main/scala/temp_sudokuTest185.txt,22,26268,15,24,26268,23328,12012,325
70,2940,24,2,90,src/main/scala/temp_sudokuTest186.txt,68,26268,49,24,26268,23328,12012,185
23,2940,24,1,26,src/main/scala/temp_sudokuTest187.txt,22,26268,17,24,26268,23328,12012,183
75,2940,24,2,99,src/main/scala/temp_sudokuTest188.txt,69,26268,52,24,26268,23328,12012,230
96,2940,24,2,121,src/main/scala/temp_sudokuTest189.txt,94,26268,63,24,26268,23328,12012,268
54,2940,24,3,62,src/main/scala/temp_sudokuTest190.txt,47,26268,36,24,26268,23328,12012,367
19,2940,24,3,22,src/main/scala/temp_sudokuTest191.txt,19,26268,17,24,26268,23328,12012,173
41,2940,24,2,51,src/main/scala/temp_sudokuTest192.txt,39,26268,30,24,26268,23328,12012,201
20,2940,24,2,21,src/main/scala/temp_sudokuTest193.txt,18,26268,15,24,26268,23328,12012,171
79,2940,24,2,90,src/main/scala/temp_sudokuTest194.txt,78,26268,48,24,26268,23328,12012,225
47,2940,24,2,54,src/main/scala/temp_sudokuTest195.txt,44,26268,32,24,26268,23328,12012,197
110,2940,24,0,136,src/main/scala/temp_sudokuTest196.txt,109,26268,71,24,26268,23328,12012,240
85,2940,24,3,107,src/main/scala/temp_sudokuTest197.txt,80,26268,58,24,26268,23328,12012,365
58,2940,24,2,75,src/main/scala/temp_sudokuTest198.txt,57,26268,43,24,26268,23328,12012,213
73,2940,24,4,96,src/main/scala/temp_sudokuTest199.txt,72,26268,52,24,26268,23328,12012,375
340,2940,24,4,435,src/main/scala/temp_sudokuTest200.txt,335,26268,224,24,26268,23328,12012,539
24,2940,24,2,31,src/main/scala/temp_sudokuTest201.txt,24,26268,20,24,26268,23328,12012,182
93,2940,24,3,114,src/main/scala/temp_sudokuTest202.txt,92,26268,60,24,26268,23328,12012,427
134,2940,24,2,173,src/main/scala/temp_sudokuTest203.txt,131,26268,89,24,26268,23328,12012,262
67,2940,24,3,77,src/main/scala/temp_sudokuTest204.txt,65,26268,43,24,26268,23328,12012,374
54,2940,24,0,73,src/main/scala/temp_sudokuTest205.txt,54,26268,39,24,26268,23328,12012,199
22,2940,24,3,23,src/main/scala/temp_sudokuTest206.txt,21,26268,16,24,26268,23328,12012,185
36,2940,24,0,40,src/main/scala/temp_sudokuTest207.txt,36,26268,25,24,26268,23328,12012,343
152,2940,24,2,189,src/main/scala/temp_sudokuTest208.txt,150,26268,100,24,26268,23328,12012,301
87,2940,24,4,125,src/main/scala/temp_sudokuTest209.txt,82,26268,67,24,26268,23328,12012,225
53,2940,24,1,69,src/main/scala/temp_sudokuTest210.txt,50,26268,38,24,26268,23328,12012,349
37,2940,24,2,46,src/main/scala/temp_sudokuTest211.txt,36,26268,29,24,26268,23328,12012,339
83,2940,24,2,96,src/main/scala/temp_sudokuTest212.txt,80,26268,54,24,26268,23328,12012,206
63,2940,24,3,81,src/main/scala/temp_sudokuTest213.txt,58,26268,44,24,26268,23328,12012,379
69,2940,24,1,85,src/main/scala/temp_sudokuTest214.txt,65,26268,46,24,26268,23328,12012,364
85,2940,24,1,105,src/main/scala/temp_sudokuTest215.txt,83,26268,56,24,26268,23328,12012,224
108,2940,24,2,147,src/main/scala/temp_sudokuTest216.txt,107,26268,78,24,26268,23328,12012,250
109,2940,24,0,144,src/main/scala/temp_sudokuTest217.txt,107,26268,75,24,26268,23328,12012,391
61,2940,24,2,71,src/main/scala/temp_sudokuTest218.txt,60,26268,38,24,26268,23328,12012,382
40,2940,24,0,47,src/main/scala/temp_sudokuTest219.txt,38,26268,26,24,26268,23328,12012,357
95,2940,24,2,115,src/main/scala/temp_sudokuTest220.txt,93,26268,60,24,26268,23328,12012,383
196,2940,24,0,253,src/main/scala/temp_sudokuTest221.txt,193,26268,133,24,26268,23328,12012,295
49,2940,24,3,56,src/main/scala/temp_sudokuTest222.txt,49,26268,31,24,26268,23328,12012,217
63,2940,24,0,76,src/main/scala/temp_sudokuTest223.txt,61,26268,42,24,26268,23328,12012,240
42,2940,24,1,47,src/main/scala/temp_sudokuTest224.txt,42,26268,28,24,26268,23328,12012,349
88,2940,24,1,103,src/main/scala/temp_sudokuTest225.txt,86,26268,55,24,26268,23328,12012,387
77,2940,24,2,90,src/main/scala/temp_sudokuTest226.txt,74,26268,49,24,26268,23328,12012,238
78,2940,24,3,96,src/main/scala/temp_sudokuTest227.txt,77,26268,53,24,26268,23328,12012,263
32,2940,24,0,34,src/main/scala/temp_sudokuTest228.txt,31,26268,20,24,26268,23328,12012,202
84,2940,24,2,106,src/main/scala/temp_sudokuTest229.txt,79,26268,57,24,26268,23328,12012,388
25,2940,24,3,27,src/main/scala/temp_sudokuTest230.txt,24,26268,19,24,26268,23328,12012,345
79,2940,24,2,100,src/main/scala/temp_sudokuTest231.txt,77,26268,53,24,26268,23328,12012,242
89,2940,24,2,109,src/main/scala/temp_sudokuTest232.txt,85,26268,59,24,26268,23328,12012,237
36,2940,24,1,38,src/main/scala/temp_sudokuTest233.txt,33,26268,22,24,26268,23328,12012,205
59,2940,24,1,72,src/main/scala/temp_sudokuTest234.txt,57,26268,39,24,26268,23328,12012,216
136,2940,24,1,151,src/main/scala/temp_sudokuTest235.txt,131,26268,80,24,26268,23328,12012,270
30,2940,24,4,35,src/main/scala/temp_sudokuTest236.txt,30,26268,23,24,26268,23328,12012,192
82,2940,24,3,100,src/main/scala/temp_sudokuTest237.txt,77,26268,55,24,26268,23328,12012,215
25,2940,24,2,27,src/main/scala/temp_sudokuTest238.txt,23,26268,18,24,26268,23328,12012,175
158,2940,24,0,199,src/main/scala/temp_sudokuTest239.txt,156,26268,104,24,26268,23328,12012,258
60,2940,24,2,69,src/main/scala/temp_sudokuTest240.txt,55,26268,39,24,26268,23328,12012,201
40,2940,24,2,52,src/main/scala/temp_sudokuTest241.txt,38,26268,30,24,26268,23328,12012,186
46,2940,24,1,54,src/main/scala/temp_sudokuTest242.txt,45,26268,31,24,26268,23328,12012,363
31,2940,24,1,37,src/main/scala/temp_sudokuTest243.txt,30,26268,23,24,26268,23328,12012,177
25,2940,24,1,27,src/main/scala/temp_sudokuTest244.txt,24,26268,18,24,26268,23328,12012,174
100,2940,24,3,120,src/main/scala/temp_sudokuTest245.txt,95,26268,66,24,26268,23328,12012,223
42,2940,24,3,52,src/main/scala/temp_sudokuTest246.txt,40,26268,32,24,26268,23328,12012,348
78,2940,24,3,96,src/main/scala/temp_sudokuTest247.txt,72,26268,53,24,26268,23328,12012,198
174,2940,24,3,224,src/main/scala/temp_sudokuTest248.txt,173,26268,115,24,26268,23328,12012,484
61,2940,24,0,68,src/main/scala/temp_sudokuTest249.txt,55,26268,35,24,26268,23328,12012,237
112,2940,24,2,148,src/main/scala/temp_sudokuTest250.txt,108,26268,78,24,26268,23328,12012,228
92,2940,24,3,112,src/main/scala/temp_sudokuTest251.txt,90,26268,59,24,26268,23328,12012,222
114,2940,24,3,151,src/main/scala/temp_sudokuTest252.txt,111,26268,80,24,26268,23328,12012,392
16,2940,24,1,17,src/main/scala/temp_sudokuTest253.txt,15,26268,12,24,26268,23328,12012,169
269,2940,24,2,335,src/main/scala/temp_sudokuTest254.txt,261,26268,173,24,26268,23328,12012,380
53,2940,24,4,60,src/main/scala/temp_sudokuTest255.txt,53,26268,35,24,26268,23328,12012,346
50,2940,24,0,57,src/main/scala/temp_sudokuTest256.txt,49,26268,32,24,26268,23328,12012,220
31,2940,24,4,42,src/main/scala/temp_sudokuTest257.txt,30,26268,27,24,26268,23328,12012,181
39,2940,24,2,48,src/main/scala/temp_sudokuTest258.txt,39,26268,29,24,26268,23328,12012,194
65,2940,24,3,93,src/main/scala/temp_sudokuTest259.txt,62,26268,52,24,26268,23328,12012,188
481,2940,24,0,639,src/main/scala/temp_sudokuTest260.txt,480,26268,325,24,26268,23328,12012,494
81,2940,24,1,100,src/main/scala/temp_sudokuTest261.txt,79,26268,55,24,26268,23328,12012,232
114,2940,24,1,141,src/main/scala/temp_sudokuTest262.txt,112,26268,73,24,26268,23328,12012,234
55,2940,24,3,71,src/main/scala/temp_sudokuTest263.txt,55,26268,41,24,26268,23328,12012,208
26,2940,24,3,28,src/main/scala/temp_sudokuTest264.txt,24,26268,19,24,26268,23328,12012,173
117,2940,24,1,147,src/main/scala/temp_sudokuTest265.txt,115,26268,78,24,26268,23328,12012,392
22,2940,24,3,26,src/main/scala/temp_sudokuTest266.txt,22,26268,19,24,26268,23328,12012,181
205,2940,24,1,248,src/main/scala/temp_sudokuTest267.txt,202,26268,129,24,26268,23328,12012,467
137,2940,24,2,168,src/main/scala/temp_sudokuTest268.txt,132,26268,90,24,26268,23328,12012,234
33,2940,24,2,38,src/main/scala/temp_sudokuTest269.txt,32,26268,25,24,26268,23328,12012,178
17,2940,24,1,21,src/main/scala/temp_sudokuTest270.txt,17,26268,15,24,26268,23328,12012,184
36,2940,24,3,45,src/main/scala/temp_sudokuTest271.txt,34,26268,27,24,26268,23328,12012,365
78,2940,24,3,103,src/main/scala/temp_sudokuTest272.txt,77,26268,55,24,26268,23328,12012,356
68,2940,24,0,84,src/main/scala/temp_sudokuTest273.txt,68,26268,47,24,26268,23328,12012,362
40,2940,24,1,46,src/main/scala/temp_sudokuTest274.txt,39,26268,26,24,26268,23328,12012,343
86,2940,24,1,99,src/main/scala/temp_sudokuTest275.txt,84,26268,53,24,26268,23328,12012,394
37,2940,24,5,39,src/main/scala/temp_sudokuTest276.txt,36,26268,24,24,26268,23328,12012,196
111,2940,24,3,139,src/main/scala/temp_sudokuTest277.txt,110,26268,75,24,26268,23328,12012,263
34,2940,24,2,36,src/main/scala/temp_sudokuTest278.txt,32,26268,23,24,26268,23328,12012,196
85,2940,24,1,103,src/main/scala/temp_sudokuTest279.txt,82,26268,56,24,26268,23328,12012,216
28,2940,24,4,37,src/main/scala/temp_sudokuTest280.txt,28,26268,24,24,26268,23328,12012,185
51,2940,24,3,69,src/main/scala/temp_sudokuTest281.txt,50,26268,40,24,26268,23328,12012,197
279,2940,24,2,347,src/main/scala/temp_sudokuTest282.txt,276,26268,178,24,26268,23328,12012,459
14,2940,24,3,16,src/main/scala/temp_sudokuTest283.txt,13,26268,12,24,26268,23328,12012,166
27,2940,24,1,28,src/main/scala/temp_sudokuTest284.txt,26,26268,19,24,26268,23328,12012,335
125,2940,24,2,143,src/main/scala/temp_sudokuTest285.txt,123,26268,76,24,26268,23328,12012,270
77,2940,24,4,98,src/main/scala/temp_sudokuTest286.txt,74,26268,53,24,26268,23328,12012,237
60,2940,24,2,77,src/main/scala/temp_sudokuTest287.txt,60,26268,42,24,26268,23328,12012,200
55,2940,24,3,74,src/main/scala/temp_sudokuTest288.txt,54,26268,41,24,26268,23328,12012,210
197,2940,24,2,261,src/main/scala/temp_sudokuTest289.txt,190,26268,137,24,26268,23328,12012,422
59,2940,24,1,68,src/main/scala/temp_sudokuTest290.txt,58,26268,36,24,26268,23328,12012,214
66,2940,24,2,88,src/main/scala/temp_sudokuTest291.txt,63,26268,47,24,26268,23328,12012,197
51,2940,24,2,62,src/main/scala/temp_sudokuTest292.txt,49,26268,35,24,26268,23328,12012,190
38,2940,24,2,43,src/main/scala/temp_sudokuTest293.txt,38,26268,27,24,26268,23328,12012,343
57,2940,24,3,79,src/main/scala/temp_sudokuTest294.txt,57,26268,44,24,26268,23328,12012,205
18,2940,24,1,20,src/main/scala/temp_sudokuTest295.txt,17,26268,14,24,26268,23328,12012,176
38,2940,24,2,41,src/main/scala/temp_sudokuTest296.txt,37,26268,23,24,26268,23328,12012,198
133,2940,24,2,153,src/main/scala/temp_sudokuTest297.txt,132,26268,80,24,26268,23328,12012,431
19,2940,24,0,22,src/main/scala/temp_sudokuTest298.txt,19,26268,15,24,26268,23328,12012,179
106,2940,24,0,133,src/main/scala/temp_sudokuTest299.txt,104,26268,71,24,26268,23328,12012,394
449,2940,24,1,578,src/main/scala/temp_sudokuTest300.txt,444,26268,293,24,26268,23328,12012,415
29,2940,24,3,33,src/main/scala/temp_sudokuTest301.txt,28,26268,22,24,26268,23328,12012,182
54,2940,24,0,68,src/main/scala/temp_sudokuTest302.txt,53,26268,40,24,26268,23328,12012,342
37,2940,24,3,48,src/main/scala/temp_sudokuTest303.txt,36,26268,29,24,26268,23328,12012,174
84,2940,24,3,106,src/main/scala/temp_sudokuTest304.txt,81,26268,57,24,26268,23328,12012,226
209,2940,24,1,260,src/main/scala/temp_sudokuTest305.txt,205,26268,134,24,26268,23328,12012,321
160,2940,24,4,197,src/main/scala/temp_sudokuTest306.txt,158,26268,103,24,26268,23328,12012,267
113,2940,24,1,129,src/main/scala/temp_sudokuTest307.txt,108,26268,69,24,26268,23328,12012,234
36,2940,24,0,39,src/main/scala/temp_sudokuTest308.txt,35,26268,25,24,26268,23328,12012,191
76,2940,24,4,99,src/main/scala/temp_sudokuTest309.txt,71,26268,54,24,26268,23328,12012,233
47,2940,24,2,48,src/main/scala/temp_sudokuTest310.txt,45,26268,27,24,26268,23328,12012,366
45,2940,24,0,52,src/main/scala/temp_sudokuTest311.txt,43,26268,30,24,26268,23328,12012,199
73,2940,24,1,96,src/main/scala/temp_sudokuTest312.txt,72,26268,52,24,26268,23328,12012,353
47,2940,24,1,57,src/main/scala/temp_sudokuTest313.txt,45,26268,32,24,26268,23328,12012,356
76,2940,24,1,83,src/main/scala/temp_sudokuTest314.txt,74,26268,45,24,26268,23328,12012,368
395,2940,24,2,526,src/main/scala/temp_sudokuTest315.txt,382,26268,270,24,26268,23328,12012,384
59,2940,24,2,75,src/main/scala/temp_sudokuTest316.txt,58,26268,41,24,26268,23328,12012,367
59,2940,24,1,67,src/main/scala/temp_sudokuTest317.txt,58,26268,37,24,26268,23328,12012,349
21,2940,24,2,23,src/main/scala/temp_sudokuTest318.txt,20,26268,16,24,26268,23328,12012,175
130,2940,24,2,155,src/main/scala/temp_sudokuTest319.txt,125,26268,82,24,26268,23328,12012,253
26,2940,24,3,30,src/main/scala/temp_sudokuTest320.txt,26,26268,20,24,26268,23328,12012,173
118,2940,24,3,149,src/main/scala/temp_sudokuTest321.txt,114,26268,80,24,26268,23328,12012,232
40,2940,24,3,41,src/main/scala/temp_sudokuTest322.txt,38,26268,26,24,26268,23328,12012,359
69,2940,24,3,84,src/main/scala/temp_sudokuTest323.txt,67,26268,47,24,26268,23328,12012,383
54,2940,24,0,62,src/main/scala/temp_sudokuTest324.txt,52,26268,34,24,26268,23328,12012,219
870,2940,24,0,1061,src/main/scala/temp_sudokuTest325.txt,852,26268,534,24,26268,23328,12012,1000
71,2940,24,1,81,src/main/scala/temp_sudokuTest326.txt,70,26268,45,24,26268,23328,12012,379
90,2940,24,1,106,src/main/scala/temp_sudokuTest327.txt,88,26268,57,24,26268,23328,12012,246
50,2940,24,2,72,src/main/scala/temp_sudokuTest328.txt,49,26268,40,24,26268,23328,12012,190
37,2940,24,2,41,src/main/scala/temp_sudokuTest329.txt,35,26268,25,24,26268,23328,12012,192
34,2940,24,4,38,src/main/scala/temp_sudokuTest330.txt,32,26268,24,24,26268,23328,12012,189
66,2940,24,1,76,src/main/scala/temp_sudokuTest331.txt,66,26268,43,24,26268,23328,12012,348
41,2940,24,3,53,src/main/scala/temp_sudokuTest332.txt,41,26268,30,24,26268,23328,12012,210
80,2940,24,4,97,src/main/scala/temp_sudokuTest333.txt,79,26268,55,24,26268,23328,12012,214
33,2940,24,2,38,src/main/scala/temp_sudokuTest334.txt,32,26268,23,24,26268,23328,12012,346
97,2940,24,4,132,src/main/scala/temp_sudokuTest335.txt,96,26268,71,24,26268,23328,12012,260
142,2940,24,1,183,src/main/scala/temp_sudokuTest336.txt,140,26268,97,24,26268,23328,12012,241
34,2940,24,3,39,src/main/scala/temp_sudokuTest337.txt,33,26268,24,24,26268,23328,12012,179
31,2940,24,0,35,src/main/scala/temp_sudokuTest338.txt,31,26268,22,24,26268,23328,12012,340
240,2940,24,2,303,src/main/scala/temp_sudokuTest339.txt,237,26268,155,24,26268,23328,12012,317
40,2940,24,1,53,src/main/scala/temp_sudokuTest340.txt,38,26268,30,24,26268,23328,12012,201
41,2940,24,2,51,src/main/scala/temp_sudokuTest341.txt,40,26268,30,24,26268,23328,12012,367
31,2940,24,3,33,src/main/scala/temp_sudokuTest342.txt,31,26268,20,24,26268,23328,12012,189
61,2940,24,0,80,src/main/scala/temp_sudokuTest343.txt,58,26268,42,24,26268,23328,12012,356
42,2940,24,1,48,src/main/scala/temp_sudokuTest344.txt,41,26268,28,24,26268,23328,12012,200
32,2940,24,4,40,src/main/scala/temp_sudokuTest345.txt,31,26268,26,24,26268,23328,12012,176
167,2940,24,0,204,src/main/scala/temp_sudokuTest346.txt,163,26268,105,24,26268,23328,12012,443
35,2940,24,2,43,src/main/scala/temp_sudokuTest347.txt,35,26268,27,24,26268,23328,12012,185
341,2940,24,4,450,src/main/scala/temp_sudokuTest348.txt,340,26268,231,24,26268,23328,12012,414
52,2940,24,3,67,src/main/scala/temp_sudokuTest349.txt,52,26268,38,24,26268,23328,12012,230
78,2940,24,1,92,src/main/scala/temp_sudokuTest350.txt,76,26268,49,24,26268,23328,12012,245
48,2940,24,2,58,src/main/scala/temp_sudokuTest351.txt,47,26268,34,24,26268,23328,12012,193
51,2940,24,4,58,src/main/scala/temp_sudokuTest352.txt,50,26268,33,24,26268,23328,12012,193
45,2940,24,1,50,src/main/scala/temp_sudokuTest353.txt,43,26268,30,24,26268,23328,12012,205
22,2940,24,4,23,src/main/scala/temp_sudokuTest354.txt,22,26268,17,24,26268,23328,12012,338
31,2940,24,0,40,src/main/scala/temp_sudokuTest355.txt,30,26268,24,24,26268,23328,12012,325
24,2940,24,3,31,src/main/scala/temp_sudokuTest356.txt,23,26268,19,24,26268,23328,12012,178
53,2940,24,3,71,src/main/scala/temp_sudokuTest357.txt,52,26268,38,24,26268,23328,12012,208
145,2940,24,1,180,src/main/scala/temp_sudokuTest358.txt,140,26268,94,24,26268,23328,12012,291
33,2940,24,1,35,src/main/scala/temp_sudokuTest359.txt,32,26268,21,24,26268,23328,12012,198
163,2940,24,1,180,src/main/scala/temp_sudokuTest360.txt,162,26268,92,24,26268,23328,12012,497
83,2940,24,1,101,src/main/scala/temp_sudokuTest361.txt,81,26268,54,24,26268,23328,12012,359
65,2940,24,3,83,src/main/scala/temp_sudokuTest362.txt,63,26268,47,24,26268,23328,12012,205
26,2940,24,4,32,src/main/scala/temp_sudokuTest363.txt,26,26268,20,24,26268,23328,12012,183
39,2940,24,2,49,src/main/scala/temp_sudokuTest364.txt,37,26268,27,24,26268,23328,12012,202
101,2940,24,2,124,src/main/scala/temp_sudokuTest365.txt,98,26268,66,24,26268,23328,12012,243
16,2940,24,2,17,src/main/scala/temp_sudokuTest366.txt,15,26268,13,24,26268,23328,12012,172
102,2940,24,1,131,src/main/scala/temp_sudokuTest367.txt,99,26268,71,24,26268,23328,12012,222
321,2940,24,1,393,src/main/scala/temp_sudokuTest368.txt,314,26268,201,24,26268,23328,12012,606
26,2940,24,4,29,src/main/scala/temp_sudokuTest369.txt,25,26268,19,24,26268,23328,12012,183
155,2940,24,2,182,src/main/scala/temp_sudokuTest370.txt,154,26268,93,24,26268,23328,12012,446
123,2940,24,0,152,src/main/scala/temp_sudokuTest371.txt,123,26268,81,24,26268,23328,12012,248
65,2940,24,1,80,src/main/scala/temp_sudokuTest372.txt,63,26268,43,24,26268,23328,12012,232
30,2940,24,1,34,src/main/scala/temp_sudokuTest373.txt,30,26268,21,24,26268,23328,12012,193
100,2940,24,2,132,src/main/scala/temp_sudokuTest374.txt,97,26268,72,24,26268,23328,12012,393
23,2940,24,3,27,src/main/scala/temp_sudokuTest375.txt,22,26268,16,24,26268,23328,12012,333
112,2940,24,1,155,src/main/scala/temp_sudokuTest376.txt,108,26268,82,24,26268,23328,12012,245
121,2940,24,4,178,src/main/scala/temp_sudokuTest377.txt,120,26268,94,24,26268,23328,12012,377
45,2940,24,2,66,src/main/scala/temp_sudokuTest378.txt,43,26268,35,24,26268,23328,12012,211
46,2940,24,3,54,src/main/scala/temp_sudokuTest379.txt,44,26268,30,24,26268,23328,12012,200
46,2940,24,0,56,src/main/scala/temp_sudokuTest380.txt,45,26268,31,24,26268,23328,12012,205
21,2940,24,2,23,src/main/scala/temp_sudokuTest381.txt,21,26268,17,24,26268,23328,12012,183
36,2940,24,1,39,src/main/scala/temp_sudokuTest382.txt,35,26268,23,24,26268,23328,12012,206
32,2940,24,4,39,src/main/scala/temp_sudokuTest383.txt,31,26268,23,24,26268,23328,12012,196
49,2940,24,3,63,src/main/scala/temp_sudokuTest384.txt,49,26268,36,24,26268,23328,12012,202
39,2940,24,2,47,src/main/scala/temp_sudokuTest385.txt,37,26268,28,24,26268,23328,12012,178
83,2940,24,4,102,src/main/scala/temp_sudokuTest386.txt,79,26268,55,24,26268,23328,12012,221
160,2940,24,2,202,src/main/scala/temp_sudokuTest387.txt,159,26268,106,24,26268,23328,12012,281
71,2940,24,4,84,src/main/scala/temp_sudokuTest388.txt,69,26268,47,24,26268,23328,12012,217
24,2940,24,2,27,src/main/scala/temp_sudokuTest389.txt,23,26268,17,24,26268,23328,12012,193
45,2940,24,4,54,src/main/scala/temp_sudokuTest390.txt,44,26268,32,24,26268,23328,12012,355
60,2940,24,1,68,src/main/scala/temp_sudokuTest391.txt,57,26268,39,24,26268,23328,12012,216
45,2940,24,2,56,src/main/scala/temp_sudokuTest392.txt,44,26268,34,24,26268,23328,12012,188
475,2940,24,1,640,src/main/scala/temp_sudokuTest393.txt,459,26268,324,24,26268,23328,12012,626
118,2940,24,1,136,src/main/scala/temp_sudokuTest394.txt,116,26268,73,24,26268,23328,12012,394
17,2940,24,2,20,src/main/scala/temp_sudokuTest395.txt,17,26268,15,24,26268,23328,12012,172
93,2940,24,2,117,src/main/scala/temp_sudokuTest396.txt,92,26268,60,24,26268,23328,12012,232
87,2940,24,2,108,src/main/scala/temp_sudokuTest397.txt,86,26268,59,24,26268,23328,12012,216
19,2940,24,2,22,src/main/scala/temp_sudokuTest398.txt,18,26268,14,24,26268,23328,12012,181
115,2940,24,0,133,src/main/scala/temp_sudokuTest399.txt,113,26268,70,24,26268,23328,12012,226
450,2940,24,1,557,src/main/scala/temp_sudokuTest400.txt,444,26268,283,24,26268,23328,12012,678
54,2940,24,2,64,src/main/scala/temp_sudokuTest401.txt,53,26268,34,24,26268,23328,12012,375
144,2940,24,2,180,src/main/scala/temp_sudokuTest402.txt,143,26268,93,24,26268,23328,12012,305
72,2941,25,2,92,src/main/scala/temp_sudokuTest403.txt,71,26269,49,25,26269,23328,12013,362
50,2941,25,4,64,src/main/scala/temp_sudokuTest404.txt,49,26269,36,25,26269,23328,12013,187
33,2941,25,3,38,src/main/scala/temp_sudokuTest405.txt,31,26269,24,25,26269,23328,12013,181
219,2941,25,1,288,src/main/scala/temp_sudokuTest406.txt,210,26269,149,25,26269,23328,12013,417
28,2941,25,2,37,src/main/scala/temp_sudokuTest407.txt,27,26269,22,25,26269,23328,12013,180
64,2941,25,1,83,src/main/scala/temp_sudokuTest408.txt,63,26269,46,25,26269,23328,12013,353
69,2941,25,1,81,src/main/scala/temp_sudokuTest409.txt,68,26269,45,25,26269,23328,12013,357
88,2941,25,1,110,src/main/scala/temp_sudokuTest410.txt,83,26269,59,25,26269,23328,12013,234
16,2941,25,5,17,src/main/scala/temp_sudokuTest411.txt,15,26269,13,25,26269,23328,12013,176
175,2941,25,2,239,src/main/scala/temp_sudokuTest412.txt,175,26269,123,25,26269,23328,12013,291
27,2941,25,2,30,src/main/scala/temp_sudokuTest413.txt,25,26269,19,25,26269,23328,12013,176
253,2941,25,3,332,src/main/scala/temp_sudokuTest414.txt,244,26269,171,25,26269,23328,12013,293
121,2941,25,2,170,src/main/scala/temp_sudokuTest415.txt,118,26269,88,25,26269,23328,12013,227
74,2941,25,3,96,src/main/scala/temp_sudokuTest416.txt,72,26269,52,25,26269,23328,12013,383
116,2941,25,3,144,src/main/scala/temp_sudokuTest417.txt,112,26269,75,25,26269,23328,12013,221
165,2941,25,2,199,src/main/scala/temp_sudokuTest418.txt,159,26269,103,25,26269,23328,12013,444
183,2941,25,3,232,src/main/scala/temp_sudokuTest419.txt,178,26269,120,25,26269,23328,12013,435
69,2941,25,2,101,src/main/scala/temp_sudokuTest420.txt,69,26269,53,25,26269,23328,12013,200
37,2941,25,2,45,src/main/scala/temp_sudokuTest421.txt,36,26269,27,25,26269,23328,12013,335
382,2941,25,0,443,src/main/scala/temp_sudokuTest422.txt,371,26269,225,25,26269,23328,12013,578
23,2941,25,1,25,src/main/scala/temp_sudokuTest423.txt,22,26269,17,25,26269,23328,12013,174
38,2941,25,1,45,src/main/scala/temp_sudokuTest424.txt,36,26269,28,25,26269,23328,12013,204
52,2941,25,3,64,src/main/scala/temp_sudokuTest425.txt,48,26269,35,25,26269,23328,12013,201
22,2941,25,2,27,src/main/scala/temp_sudokuTest426.txt,21,26269,15,25,26269,23328,12013,183
66,2941,25,0,79,src/main/scala/temp_sudokuTest427.txt,64,26269,44,25,26269,23328,12013,210
32,2941,25,3,43,src/main/scala/temp_sudokuTest428.txt,29,26269,25,25,26269,23328,12013,184
57,2941,25,3,68,src/main/scala/temp_sudokuTest429.txt,55,26269,37,25,26269,23328,12013,199
86,2941,25,2,99,src/main/scala/temp_sudokuTest430.txt,82,26269,52,25,26269,23328,12013,208
26,2941,25,4,30,src/main/scala/temp_sudokuTest431.txt,26,26269,19,25,26269,23328,12013,366
22,2941,25,0,28,src/main/scala/temp_sudokuTest432.txt,21,26269,18,25,26269,23328,12013,177
192,2941,25,3,247,src/main/scala/temp_sudokuTest433.txt,189,26269,127,25,26269,23328,12013,266
18,2941,25,4,23,src/main/scala/temp_sudokuTest434.txt,17,26269,15,25,26269,23328,12013,185
79,2941,25,2,107,src/main/scala/temp_sudokuTest435.txt,78,26269,58,25,26269,23328,12013,212
19,2941,25,4,23,src/main/scala/temp_sudokuTest436.txt,18,26269,15,25,26269,23328,12013,171
61,2941,25,2,67,src/main/scala/temp_sudokuTest437.txt,60,26269,37,25,26269,23328,12013,240
101,2941,25,1,130,src/main/scala/temp_sudokuTest438.txt,97,26269,69,25,26269,23328,12013,244
25,2941,25,1,28,src/main/scala/temp_sudokuTest439.txt,23,26269,17,25,26269,23328,12013,183
27,2941,25,2,28,src/main/scala/temp_sudokuTest440.txt,27,26269,18,25,26269,23328,12013,341
59,2941,25,2,72,src/main/scala/temp_sudokuTest441.txt,57,26269,39,25,26269,23328,12013,220
146,2941,25,3,185,src/main/scala/temp_sudokuTest442.txt,145,26269,98,25,26269,23328,12013,301
148,2941,25,2,199,src/main/scala/temp_sudokuTest443.txt,142,26269,106,25,26269,23328,12013,298
25,2941,25,0,29,src/main/scala/temp_sudokuTest444.txt,23,26269,19,25,26269,23328,12013,180
53,2941,25,0,69,src/main/scala/temp_sudokuTest445.txt,52,26269,39,25,26269,23328,12013,202
102,2941,25,5,141,src/main/scala/temp_sudokuTest446.txt,99,26269,77,25,26269,23328,12013,250
117,2941,25,2,140,src/main/scala/temp_sudokuTest447.txt,115,26269,75,25,26269,23328,12013,381
42,2941,25,2,49,src/main/scala/temp_sudokuTest448.txt,41,26269,28,25,26269,23328,12013,385
59,2941,25,3,76,src/main/scala/temp_sudokuTest449.txt,53,26269,41,25,26269,23328,12013,359
53,2941,25,2,66,src/main/scala/temp_sudokuTest450.txt,50,26269,37,25,26269,23328,12013,355
94,2941,25,0,110,src/main/scala/temp_sudokuTest451.txt,91,26269,59,25,26269,23328,12013,240
742,2941,25,0,954,src/main/scala/temp_sudokuTest452.txt,728,26269,481,25,26269,23328,12013,681
42,2941,25,3,51,src/main/scala/temp_sudokuTest453.txt,37,26269,30,25,26269,23328,12013,182
33,2941,25,2,41,src/main/scala/temp_sudokuTest454.txt,31,26269,24,25,26269,23328,12013,185
32,2941,25,0,35,src/main/scala/temp_sudokuTest455.txt,31,26269,22,25,26269,23328,12013,325
120,2941,25,3,183,src/main/scala/temp_sudokuTest456.txt,120,26269,96,25,26269,23328,12013,231
19,2941,25,2,21,src/main/scala/temp_sudokuTest457.txt,18,26269,15,25,26269,23328,12013,172
52,2941,25,2,64,src/main/scala/temp_sudokuTest458.txt,51,26269,38,25,26269,23328,12013,207
36,2941,25,2,46,src/main/scala/temp_sudokuTest459.txt,35,26269,26,25,26269,23328,12013,197
64,2941,25,2,77,src/main/scala/temp_sudokuTest460.txt,63,26269,41,25,26269,23328,12013,347
51,2941,25,0,64,src/main/scala/temp_sudokuTest461.txt,50,26269,36,25,26269,23328,12013,198
13,2941,25,2,16,src/main/scala/temp_sudokuTest462.txt,13,26269,12,25,26269,23328,12013,175
31,2941,25,0,37,src/main/scala/temp_sudokuTest463.txt,28,26269,22,25,26269,23328,12013,183
49,2941,25,1,66,src/main/scala/temp_sudokuTest464.txt,48,26269,37,25,26269,23328,12013,199
146,2941,25,1,166,src/main/scala/temp_sudokuTest465.txt,143,26269,87,25,26269,23328,12013,446
70,2941,25,2,86,src/main/scala/temp_sudokuTest466.txt,62,26269,48,25,26269,23328,12013,185
225,2941,25,4,274,src/main/scala/temp_sudokuTest467.txt,224,26269,141,25,26269,23328,12013,327
106,2941,25,6,125,src/main/scala/temp_sudokuTest468.txt,103,26269,67,25,26269,23328,12013,234
31,2941,25,4,38,src/main/scala/temp_sudokuTest469.txt,31,26269,24,25,26269,23328,12013,192
18,2941,25,3,23,src/main/scala/temp_sudokuTest470.txt,18,26269,16,25,26269,23328,12013,177
132,2941,25,0,166,src/main/scala/temp_sudokuTest471.txt,129,26269,86,25,26269,23328,12013,404
62,2941,25,1,79,src/main/scala/temp_sudokuTest472.txt,61,26269,43,25,26269,23328,12013,222
600,2941,25,1,765,src/main/scala/temp_sudokuTest473.txt,590,26269,388,25,26269,23328,12013,420
34,2941,25,2,37,src/main/scala/temp_sudokuTest474.txt,34,26269,23,25,26269,23328,12013,182
70,2941,25,3,94,src/main/scala/temp_sudokuTest475.txt,68,26269,51,25,26269,23328,12013,211
44,2941,25,2,52,src/main/scala/temp_sudokuTest476.txt,39,26269,28,25,26269,23328,12013,191
56,2941,25,1,73,src/main/scala/temp_sudokuTest477.txt,55,26269,39,25,26269,23328,12013,216
227,2941,25,1,291,src/main/scala/temp_sudokuTest478.txt,223,26269,150,25,26269,23328,12013,518
104,2941,25,3,121,src/main/scala/temp_sudokuTest479.txt,99,26269,65,25,26269,23328,12013,229
25,2941,25,2,28,src/main/scala/temp_sudokuTest480.txt,24,26269,19,25,26269,23328,12013,181
36,2941,25,4,47,src/main/scala/temp_sudokuTest481.txt,35,26269,27,25,26269,23328,12013,187
40,2941,25,3,48,src/main/scala/temp_sudokuTest482.txt,38,26269,31,25,26269,23328,12013,199
951,2941,25,2,1240,src/main/scala/temp_sudokuTest483.txt,931,26269,624,25,26269,23328,12013,851
39,2941,25,3,42,src/main/scala/temp_sudokuTest484.txt,37,26269,25,25,26269,23328,12013,192
79,2941,25,3,107,src/main/scala/temp_sudokuTest485.txt,78,26269,58,25,26269,23328,12013,234
56,2941,25,1,64,src/main/scala/temp_sudokuTest486.txt,55,26269,38,25,26269,23328,12013,225
93,2941,25,1,106,src/main/scala/temp_sudokuTest487.txt,91,26269,57,25,26269,23328,12013,265
29,2941,25,1,34,src/main/scala/temp_sudokuTest488.txt,27,26269,20,25,26269,23328,12013,175
115,2941,25,0,129,src/main/scala/temp_sudokuTest489.txt,107,26269,68,25,26269,23328,12013,429
17,2941,25,3,20,src/main/scala/temp_sudokuTest490.txt,17,26269,15,25,26269,23328,12013,178
304,2941,25,1,387,src/main/scala/temp_sudokuTest491.txt,298,26269,197,25,26269,23328,12013,379
111,2941,25,1,142,src/main/scala/temp_sudokuTest492.txt,110,26269,75,25,26269,23328,12013,214
19,2941,25,0,21,src/main/scala/temp_sudokuTest493.txt,19,26269,16,25,26269,23328,12013,179
31,2941,25,2,40,src/main/scala/temp_sudokuTest494.txt,29,26269,25,25,26269,23328,12013,196
469,2941,25,3,654,src/main/scala/temp_sudokuTest495.txt,461,26269,331,25,26269,23328,12013,571
109,2941,25,5,144,src/main/scala/temp_sudokuTest496.txt,105,26269,77,25,26269,23328,12013,239
342,2941,25,1,436,src/main/scala/temp_sudokuTest497.txt,330,26269,222,25,26269,23328,12013,295
21,2941,25,1,25,src/main/scala/temp_sudokuTest498.txt,20,26269,16,25,26269,23328,12013,180
89,2941,25,2,119,src/main/scala/temp_sudokuTest499.txt,87,26269,66,25,26269,23328,12013,230
366,2941,25,2,493,src/main/scala/temp_sudokuTest500.txt,360,26269,251,25,26269,23328,12013,328
106,2941,25,1,126,src/main/scala/temp_sudokuTest501.txt,104,26269,67,25,26269,23328,12013,223
36,2941,25,4,42,src/main/scala/temp_sudokuTest502.txt,35,26269,25,25,26269,23328,12013,197
69,2941,25,3,79,src/main/scala/temp_sudokuTest503.txt,68,26269,44,25,26269,23328,12013,220
200,2941,25,3,253,src/main/scala/temp_sudokuTest504.txt,195,26269,132,25,26269,23328,12013,268
38,2941,25,1,46,src/main/scala/temp_sudokuTest505.txt,35,26269,26,25,26269,23328,12013,184
26,2941,25,2,29,src/main/scala/temp_sudokuTest506.txt,25,26269,19,25,26269,23328,12013,185
75,2941,25,4,88,src/main/scala/temp_sudokuTest507.txt,72,26269,48,25,26269,23328,12013,189
88,2941,25,1,114,src/main/scala/temp_sudokuTest508.txt,84,26269,61,25,26269,23328,12013,379
151,2941,25,2,181,src/main/scala/temp_sudokuTest509.txt,150,26269,93,25,26269,23328,12013,287
76,2941,25,4,96,src/main/scala/temp_sudokuTest510.txt,75,26269,54,25,26269,23328,12013,224
58,2941,25,2,73,src/main/scala/temp_sudokuTest511.txt,58,26269,41,25,26269,23328,12013,213
42,2941,25,1,54,src/main/scala/temp_sudokuTest512.txt,40,26269,32,25,26269,23328,12013,201
43,2941,25,2,48,src/main/scala/temp_sudokuTest513.txt,42,26269,28,25,26269,23328,12013,185
96,2941,25,3,123,src/main/scala/temp_sudokuTest514.txt,94,26269,67,25,26269,23328,12013,214
90,2941,25,3,121,src/main/scala/temp_sudokuTest515.txt,85,26269,66,25,26269,23328,12013,214
34,2941,25,3,40,src/main/scala/temp_sudokuTest516.txt,33,26269,24,25,26269,23328,12013,195
13,2941,25,4,14,src/main/scala/temp_sudokuTest517.txt,12,26269,10,25,26269,23328,12013,176
92,2941,25,1,108,src/main/scala/temp_sudokuTest518.txt,89,26269,59,25,26269,23328,12013,399
17,2941,25,2,18,src/main/scala/temp_sudokuTest519.txt,16,26269,14,25,26269,23328,12013,328
135,2941,25,1,162,src/main/scala/temp_sudokuTest520.txt,134,26269,85,25,26269,23328,12013,264
29,2941,25,1,34,src/main/scala/temp_sudokuTest521.txt,28,26269,20,25,26269,23328,12013,189
24,2941,25,0,30,src/main/scala/temp_sudokuTest522.txt,23,26269,18,25,26269,23328,12013,194
38,2941,25,1,43,src/main/scala/temp_sudokuTest523.txt,37,26269,24,25,26269,23328,12013,207
69,2941,25,2,84,src/main/scala/temp_sudokuTest524.txt,68,26269,45,25,26269,23328,12013,372
52,2941,25,4,66,src/main/scala/temp_sudokuTest525.txt,51,26269,37,25,26269,23328,12013,270
62,2941,25,2,77,src/main/scala/temp_sudokuTest526.txt,61,26269,42,25,26269,23328,12013,207
41,2941,25,1,49,src/main/scala/temp_sudokuTest527.txt,40,26269,28,25,26269,23328,12013,360
491,2941,25,4,670,src/main/scala/temp_sudokuTest528.txt,481,26269,340,25,26269,23328,12013,429
89,2941,25,3,112,src/main/scala/temp_sudokuTest529.txt,88,26269,60,25,26269,23328,12013,260
33,2941,25,2,38,src/main/scala/temp_sudokuTest530.txt,32,26269,23,25,26269,23328,12013,177
68,2941,25,1,88,src/main/scala/temp_sudokuTest531.txt,65,26269,47,25,26269,23328,12013,216
89,2941,25,1,100,src/main/scala/temp_sudokuTest532.txt,88,26269,53,25,26269,23328,12013,394
56,2941,25,0,61,src/main/scala/temp_sudokuTest533.txt,55,26269,35,25,26269,23328,12013,229
31,2941,25,4,38,src/main/scala/temp_sudokuTest534.txt,30,26269,22,25,26269,23328,12013,202
65,2941,25,1,73,src/main/scala/temp_sudokuTest535.txt,62,26269,38,25,26269,23328,12013,239
46,2941,25,1,58,src/main/scala/temp_sudokuTest536.txt,45,26269,34,25,26269,23328,12013,201
43,2941,25,0,50,src/main/scala/temp_sudokuTest537.txt,42,26269,29,25,26269,23328,12013,186
56,2941,25,0,65,src/main/scala/temp_sudokuTest538.txt,54,26269,38,25,26269,23328,12013,197
175,2941,25,1,221,src/main/scala/temp_sudokuTest539.txt,168,26269,116,25,26269,23328,12013,429
47,2941,25,4,52,src/main/scala/temp_sudokuTest540.txt,46,26269,31,25,26269,23328,12013,198
59,2941,25,0,76,src/main/scala/temp_sudokuTest541.txt,56,26269,43,25,26269,23328,12013,359
59,2941,25,5,68,src/main/scala/temp_sudokuTest542.txt,56,26269,38,25,26269,23328,12013,196
17,2941,25,1,20,src/main/scala/temp_sudokuTest543.txt,16,26269,12,25,26269,23328,12013,192
78,2941,25,3,100,src/main/scala/temp_sudokuTest544.txt,78,26269,57,25,26269,23328,12013,207
238,2941,25,4,295,src/main/scala/temp_sudokuTest545.txt,229,26269,153,25,26269,23328,12013,270
33,2941,25,1,36,src/main/scala/temp_sudokuTest546.txt,32,26269,21,25,26269,23328,12013,333
44,2941,25,1,60,src/main/scala/temp_sudokuTest547.txt,43,26269,34,25,26269,23328,12013,346
107,2941,25,2,127,src/main/scala/temp_sudokuTest548.txt,106,26269,67,25,26269,23328,12013,380
123,2941,25,2,160,src/main/scala/temp_sudokuTest549.txt,120,26269,84,25,26269,23328,12013,388
55,2941,25,3,67,src/main/scala/temp_sudokuTest550.txt,55,26269,37,25,26269,23328,12013,369
222,2941,25,1,276,src/main/scala/temp_sudokuTest551.txt,218,26269,141,25,26269,23328,12013,480
22,2941,25,2,26,src/main/scala/temp_sudokuTest552.txt,21,26269,17,25,26269,23328,12013,183
50,2941,25,2,56,src/main/scala/temp_sudokuTest553.txt,47,26269,32,25,26269,23328,12013,193
82,2941,25,3,102,src/main/scala/temp_sudokuTest554.txt,76,26269,54,25,26269,23328,12013,360
33,2941,25,1,38,src/main/scala/temp_sudokuTest555.txt,29,26269,23,25,26269,23328,12013,197
208,2941,25,2,256,src/main/scala/temp_sudokuTest556.txt,206,26269,131,25,26269,23328,12013,293
24,2941,25,4,26,src/main/scala/temp_sudokuTest557.txt,23,26269,20,25,26269,23328,12013,172
93,2941,25,1,119,src/main/scala/temp_sudokuTest558.txt,91,26269,63,25,26269,23328,12013,390
19,2941,25,3,21,src/main/scala/temp_sudokuTest559.txt,18,26269,15,25,26269,23328,12013,177
61,2941,25,2,72,src/main/scala/temp_sudokuTest560.txt,61,26269,40,25,26269,23328,12013,234
65,2941,25,1,71,src/main/scala/temp_sudokuTest561.txt,63,26269,40,25,26269,23328,12013,369
80,2941,25,0,99,src/main/scala/temp_sudokuTest562.txt,78,26269,53,25,26269,23328,12013,205
98,2941,25,2,131,src/main/scala/temp_sudokuTest563.txt,95,26269,70,25,26269,23328,12013,397
64,2941,25,1,83,src/main/scala/temp_sudokuTest564.txt,64,26269,44,25,26269,23328,12013,222
91,2941,25,2,112,src/main/scala/temp_sudokuTest565.txt,88,26269,60,25,26269,23328,12013,389
178,2941,25,3,242,src/main/scala/temp_sudokuTest566.txt,174,26269,125,25,26269,23328,12013,268
35,2941,25,3,38,src/main/scala/temp_sudokuTest567.txt,34,26269,23,25,26269,23328,12013,210
97,2941,25,4,123,src/main/scala/temp_sudokuTest568.txt,97,26269,66,25,26269,23328,12013,237
239,2941,25,3,295,src/main/scala/temp_sudokuTest569.txt,235,26269,151,25,26269,23328,12013,480
46,2941,25,3,63,src/main/scala/temp_sudokuTest570.txt,43,26269,36,25,26269,23328,12013,357
56,2941,25,2,71,src/main/scala/temp_sudokuTest571.txt,56,26269,39,25,26269,23328,12013,229
78,2941,25,5,97,src/main/scala/temp_sudokuTest572.txt,76,26269,54,25,26269,23328,12013,223
187,2941,25,1,237,src/main/scala/temp_sudokuTest573.txt,186,26269,121,25,26269,23328,12013,277
66,2941,25,3,74,src/main/scala/temp_sudokuTest574.txt,60,26269,43,25,26269,23328,12013,210
71,2941,25,2,87,src/main/scala/temp_sudokuTest575.txt,71,26269,48,25,26269,23328,12013,207
108,2941,25,2,141,src/main/scala/temp_sudokuTest576.txt,105,26269,75,25,26269,23328,12013,265
32,2941,25,3,35,src/main/scala/temp_sudokuTest577.txt,29,26269,21,25,26269,23328,12013,189
219,2941,25,3,294,src/main/scala/temp_sudokuTest578.txt,215,26269,153,25,26269,23328,12013,271
19,2941,25,2,23,src/main/scala/temp_sudokuTest579.txt,19,26269,16,25,26269,23328,12013,182
85,2941,25,0,97,src/main/scala/temp_sudokuTest580.txt,83,26269,52,25,26269,23328,12013,401
42,2941,25,1,54,src/main/scala/temp_sudokuTest581.txt,40,26269,31,25,26269,23328,12013,198
14,2941,25,3,14,src/main/scala/temp_sudokuTest582.txt,13,26269,13,25,26269,23328,12013,175
26,2941,25,5,30,src/main/scala/temp_sudokuTest583.txt,24,26269,22,25,26269,23328,12013,176
56,2941,25,3,71,src/main/scala/temp_sudokuTest584.txt,55,26269,39,25,26269,23328,12013,213
74,2941,25,3,92,src/main/scala/temp_sudokuTest585.txt,72,26269,49,25,26269,23328,12013,207
67,2941,25,1,76,src/main/scala/temp_sudokuTest586.txt,66,26269,42,25,26269,23328,12013,375
45,2941,25,1,58,src/main/scala/temp_sudokuTest587.txt,43,26269,34,25,26269,23328,12013,229
33,2941,25,2,38,src/main/scala/temp_sudokuTest588.txt,31,26269,23,25,26269,23328,12013,201
87,2941,25,2,112,src/main/scala/temp_sudokuTest589.txt,84,26269,61,25,26269,23328,12013,232
127,2941,25,4,168,src/main/scala/temp_sudokuTest590.txt,121,26269,89,25,26269,23328,12013,463
258,2941,25,2,318,src/main/scala/temp_sudokuTest591.txt,254,26269,162,25,26269,23328,12013,524
230,2941,25,5,302,src/main/scala/temp_sudokuTest592.txt,225,26269,158,25,26269,23328,12013,325
18,2941,25,2,21,src/main/scala/temp_sudokuTest593.txt,16,26269,13,25,26269,23328,12013,180
49,2941,25,0,55,src/main/scala/temp_sudokuTest594.txt,45,26269,32,25,26269,23328,12013,344
79,2941,25,2,111,src/main/scala/temp_sudokuTest595.txt,75,26269,60,25,26269,23328,12013,207
66,2941,25,0,78,src/main/scala/temp_sudokuTest596.txt,64,26269,42,25,26269,23328,12013,366
27,2941,25,1,32,src/main/scala/temp_sudokuTest597.txt,27,26269,20,25,26269,23328,12013,334
30,2941,25,4,35,src/main/scala/temp_sudokuTest598.txt,29,26269,21,25,26269,23328,12013,186
31,2941,25,1,37,src/main/scala/temp_sudokuTest599.txt,30,26269,23,25,26269,23328,12013,195
76,2941,25,1,94,src/main/scala/temp_sudokuTest600.txt,74,26269,51,25,26269,23328,12013,219
46,2941,25,2,56,src/main/scala/temp_sudokuTest601.txt,45,26269,32,25,26269,23328,12013,206
124,2941,25,4,166,src/main/scala/temp_sudokuTest602.txt,117,26269,87,25,26269,23328,12013,233
101,2941,25,2,121,src/main/scala/temp_sudokuTest603.txt,100,26269,65,25,26269,23328,12013,257
50,2941,25,1,60,src/main/scala/temp_sudokuTest604.txt,49,26269,33,25,26269,23328,12013,365
62,2941,25,2,77,src/main/scala/temp_sudokuTest605.txt,61,26269,42,25,26269,23328,12013,218
36,2941,25,1,41,src/main/scala/temp_sudokuTest606.txt,34,26269,27,25,26269,23328,12013,344
196,2941,25,3,244,src/main/scala/temp_sudokuTest607.txt,192,26269,126,25,26269,23328,12013,465
72,2941,25,0,91,src/main/scala/temp_sudokuTest608.txt,71,26269,50,25,26269,23328,12013,379
50,2941,25,5,66,src/main/scala/temp_sudokuTest609.txt,49,26269,38,25,26269,23328,12013,200
172,2941,25,0,211,src/main/scala/temp_sudokuTest610.txt,169,26269,111,25,26269,23328,12013,313
23,2941,25,2,27,src/main/scala/temp_sudokuTest611.txt,22,26269,16,25,26269,23328,12013,178
190,2941,25,2,276,src/main/scala/temp_sudokuTest612.txt,182,26269,143,25,26269,23328,12013,408
38,2941,25,3,42,src/main/scala/temp_sudokuTest613.txt,36,26269,26,25,26269,23328,12013,201
19,2941,25,2,22,src/main/scala/temp_sudokuTest614.txt,16,26269,15,25,26269,23328,12013,183
151,2941,25,3,186,src/main/scala/temp_sudokuTest615.txt,146,26269,97,25,26269,23328,12013,301
93,2941,25,3,125,src/main/scala/temp_sudokuTest616.txt,92,26269,66,25,26269,23328,12013,201
48,2941,25,0,57,src/main/scala/temp_sudokuTest617.txt,48,26269,32,25,26269,23328,12013,374
84,2941,25,1,96,src/main/scala/temp_sudokuTest618.txt,80,26269,52,25,26269,23328,12013,336
72,2941,25,3,86,src/main/scala/temp_sudokuTest619.txt,68,26269,45,25,26269,23328,12013,246
93,2941,25,3,122,src/main/scala/temp_sudokuTest620.txt,92,26269,66,25,26269,23328,12013,376
55,2941,25,4,64,src/main/scala/temp_sudokuTest621.txt,54,26269,34,25,26269,23328,12013,221
93,2941,25,0,114,src/main/scala/temp_sudokuTest622.txt,92,26269,62,25,26269,23328,12013,222
133,2941,25,0,157,src/main/scala/temp_sudokuTest623.txt,132,26269,82,25,26269,23328,12013,420
90,2941,25,3,116,src/main/scala/temp_sudokuTest624.txt,85,26269,64,25,26269,23328,12013,230
32,2941,25,1,38,src/main/scala/temp_sudokuTest625.txt,32,26269,24,25,26269,23328,12013,195
95,2941,25,3,124,src/main/scala/temp_sudokuTest626.txt,95,26269,65,25,26269,23328,12013,236
75,2941,25,2,92,src/main/scala/temp_sudokuTest627.txt,70,26269,49,25,26269,23328,12013,232
21,2941,25,4,25,src/main/scala/temp_sudokuTest628.txt,21,26269,18,25,26269,23328,12013,176
15,2941,25,3,16,src/main/scala/temp_sudokuTest629.txt,14,26269,14,25,26269,23328,12013,179
72,2941,25,1,81,src/main/scala/temp_sudokuTest630.txt,71,26269,43,25,26269,23328,12013,377
297,2941,25,1,393,src/main/scala/temp_sudokuTest631.txt,290,26269,200,25,26269,23328,12013,474
20,2941,25,5,20,src/main/scala/temp_sudokuTest632.txt,19,26269,17,25,26269,23328,12013,180
56,2941,25,4,69,src/main/scala/temp_sudokuTest633.txt,52,26269,38,25,26269,23328,12013,205
57,2941,25,0,73,src/main/scala/temp_sudokuTest634.txt,55,26269,40,25,26269,23328,12013,210
18,2941,25,2,22,src/main/scala/temp_sudokuTest635.txt,17,26269,14,25,26269,23328,12013,185
35,2941,25,1,40,src/main/scala/temp_sudokuTest636.txt,34,26269,24,25,26269,23328,12013,353
55,2941,25,2,71,src/main/scala/temp_sudokuTest637.txt,54,26269,40,25,26269,23328,12013,346
86,2941,25,0,104,src/main/scala/temp_sudokuTest638.txt,84,26269,57,25,26269,23328,12013,364
50,2941,25,3,62,src/main/scala/temp_sudokuTest639.txt,47,26269,34,25,26269,23328,12013,210
22,2941,25,2,22,src/main/scala/temp_sudokuTest640.txt,19,26269,15,25,26269,23328,12013,182
37,2941,25,2,42,src/main/scala/temp_sudokuTest641.txt,35,26269,27,25,26269,23328,12013,199
20,2941,25,3,24,src/main/scala/temp_sudokuTest642.txt,18,26269,17,25,26269,23328,12013,179
22,2941,25,3,24,src/main/scala/temp_sudokuTest643.txt,21,26269,16,25,26269,23328,12013,183
84,2941,25,2,109,src/main/scala/temp_sudokuTest644.txt,83,26269,59,25,26269,23328,12013,217
27,2941,25,3,33,src/main/scala/temp_sudokuTest645.txt,26,26269,19,25,26269,23328,12013,191
22,2941,25,1,25,src/main/scala/temp_sudokuTest646.txt,21,26269,18,25,26269,23328,12013,177
27,2941,25,1,31,src/main/scala/temp_sudokuTest647.txt,27,26269,20,25,26269,23328,12013,187
114,2941,25,0,129,src/main/scala/temp_sudokuTest648.txt,112,26269,68,25,26269,23328,12013,274
132,2941,25,2,157,src/main/scala/temp_sudokuTest649.txt,129,26269,84,25,26269,23328,12013,305
130,2941,25,0,146,src/main/scala/temp_sudokuTest650.txt,128,26269,76,25,26269,23328,12013,448
24,2941,25,1,28,src/main/scala/temp_sudokuTest651.txt,23,26269,17,25,26269,23328,12013,335
30,2941,25,3,38,src/main/scala/temp_sudokuTest652.txt,29,26269,23,25,26269,23328,12013,191
108,2941,25,2,128,src/main/scala/temp_sudokuTest653.txt,104,26269,67,25,26269,23328,12013,247
400,2941,25,1,458,src/main/scala/temp_sudokuTest654.txt,394,26269,233,25,26269,23328,12013,641
23,2941,25,2,25,src/main/scala/temp_sudokuTest655.txt,22,26269,17,25,26269,23328,12013,329
147,2941,25,2,176,src/main/scala/temp_sudokuTest656.txt,141,26269,92,25,26269,23328,12013,279
96,2941,25,0,116,src/main/scala/temp_sudokuTest657.txt,95,26269,61,25,26269,23328,12013,411
114,2941,25,2,139,src/main/scala/temp_sudokuTest658.txt,107,26269,74,25,26269,23328,12013,388
30,2941,25,2,36,src/main/scala/temp_sudokuTest659.txt,29,26269,21,25,26269,23328,12013,177
53,2941,25,1,69,src/main/scala/temp_sudokuTest660.txt,50,26269,37,25,26269,23328,12013,208
103,2941,25,1,123,src/main/scala/temp_sudokuTest661.txt,95,26269,65,25,26269,23328,12013,243
77,2941,25,0,91,src/main/scala/temp_sudokuTest662.txt,74,26269,49,25,26269,23328,12013,242
155,2941,25,0,193,src/main/scala/temp_sudokuTest663.txt,153,26269,99,25,26269,23328,12013,289
80,2941,25,1,95,src/main/scala/temp_sudokuTest664.txt,79,26269,52,25,26269,23328,12013,217
86,2941,25,2,104,src/main/scala/temp_sudokuTest665.txt,80,26269,54,25,26269,23328,12013,402
92,2941,25,1,116,src/main/scala/temp_sudokuTest666.txt,90,26269,61,25,26269,23328,12013,400
18,2941,25,1,21,src/main/scala/temp_sudokuTest667.txt,18,26269,15,25,26269,23328,12013,173
150,2941,25,1,207,src/main/scala/temp_sudokuTest668.txt,147,26269,108,25,26269,23328,12013,234
33,2941,25,1,43,src/main/scala/temp_sudokuTest669.txt,30,26269,26,25,26269,23328,12013,195
34,2941,25,2,42,src/main/scala/temp_sudokuTest670.txt,31,26269,25,25,26269,23328,12013,190
92,2941,25,5,110,src/main/scala/temp_sudokuTest671.txt,89,26269,58,25,26269,23328,12013,214
75,2941,25,1,96,src/main/scala/temp_sudokuTest672.txt,75,26269,52,25,26269,23328,12013,229
53,2941,25,4,71,src/main/scala/temp_sudokuTest673.txt,51,26269,42,25,26269,23328,12013,188
61,2941,25,3,78,src/main/scala/temp_sudokuTest674.txt,55,26269,43,25,26269,23328,12013,199
28,2941,25,2,33,src/main/scala/temp_sudokuTest675.txt,27,26269,20,25,26269,23328,12013,183
40,2941,25,3,47,src/main/scala/temp_sudokuTest676.txt,39,26269,29,25,26269,23328,12013,184
164,2941,25,2,199,src/main/scala/temp_sudokuTest677.txt,163,26269,104,25,26269,23328,12013,463
48,2941,25,1,55,src/main/scala/temp_sudokuTest678.txt,46,26269,30,25,26269,23328,12013,378
114,2941,25,4,138,src/main/scala/temp_sudokuTest679.txt,111,26269,75,25,26269,23328,12013,236
47,2941,25,2,58,src/main/scala/temp_sudokuTest680.txt,46,26269,33,25,26269,23328,12013,378
145,2941,25,2,182,src/main/scala/temp_sudokuTest681.txt,137,26269,95,25,26269,23328,12013,234
31,2941,25,1,40,src/main/scala/temp_sudokuTest682.txt,31,26269,25,25,26269,23328,12013,205
20,2941,25,1,24,src/main/scala/temp_sudokuTest683.txt,19,26269,15,25,26269,23328,12013,185
168,2941,25,3,205,src/main/scala/temp_sudokuTest684.txt,164,26269,107,25,26269,23328,12013,272
63,2941,25,1,74,src/main/scala/temp_sudokuTest685.txt,59,26269,40,25,26269,23328,12013,217
60,2941,25,0,71,src/main/scala/temp_sudokuTest686.txt,55,26269,39,25,26269,23328,12013,346
103,2941,25,0,135,src/main/scala/temp_sudokuTest687.txt,102,26269,73,25,26269,23328,12013,365
21,2941,25,1,25,src/main/scala/temp_sudokuTest688.txt,20,26269,19,25,26269,23328,12013,175
29,2941,25,3,30,src/main/scala/temp_sudokuTest689.txt,27,26269,20,25,26269,23328,12013,198
169,2941,25,1,211,src/main/scala/temp_sudokuTest690.txt,168,26269,110,25,26269,23328,12013,278
35,2941,25,0,40,src/main/scala/temp_sudokuTest691.txt,31,26269,23,25,26269,23328,12013,188
53,2941,25,3,65,src/main/scala/temp_sudokuTest692.txt,51,26269,37,25,26269,23328,12013,206
35,2941,25,0,42,src/main/scala/temp_sudokuTest693.txt,33,26269,25,25,26269,23328,12013,193
166,2941,25,0,191,src/main/scala/temp_sudokuTest694.txt,166,26269,99,25,26269,23328,12013,487
306,2941,25,4,415,src/main/scala/temp_sudokuTest695.txt,296,26269,213,25,26269,23328,12013,323
48,2941,25,2,52,src/main/scala/temp_sudokuTest696.txt,47,26269,30,25,26269,23328,12013,203
127,2941,25,3,164,src/main/scala/temp_sudokuTest697.txt,124,26269,87,25,26269,23328,12013,246
107,2941,25,1,131,src/main/scala/temp_sudokuTest698.txt,106,26269,69,25,26269,23328,12013,248
28,2941,25,1,35,src/main/scala/temp_sudokuTest699.txt,27,26269,20,25,26269,23328,12013,197
48,2941,25,2,64,src/main/scala/temp_sudokuTest700.txt,47,26269,37,25,26269,23328,12013,348
68,2941,25,3,89,src/main/scala/temp_sudokuTest701.txt,66,26269,48,25,26269,23328,12013,372
280,2941,25,0,364,src/main/scala/temp_sudokuTest702.txt,273,26269,187,25,26269,23328,12013,277
24,2941,25,1,27,src/main/scala/temp_sudokuTest703.txt,23,26269,18,25,26269,23328,12013,184
28,2941,25,4,38,src/main/scala/temp_sudokuTest704.txt,27,26269,22,25,26269,23328,12013,185
246,2941,25,2,283,src/main/scala/temp_sudokuTest705.txt,236,26269,145,25,26269,23328,12013,517
142,2941,25,1,175,src/main/scala/temp_sudokuTest706.txt,137,26269,90,25,26269,23328,12013,248
435,2942,26,2,573,src/main/scala/temp_sudokuTest707.txt,432,26270,291,26,26270,23328,12014,561
99,2942,26,1,113,src/main/scala/temp_sudokuTest708.txt,92,26270,59,26,26270,23328,12014,307
256,2942,26,0,329,src/main/scala/temp_sudokuTest709.txt,248,26270,168,26,26270,23328,12014,313
55,2942,26,3,66,src/main/scala/temp_sudokuTest710.txt,53,26270,38,26,26270,23328,12014,204
96,2942,26,2,127,src/main/scala/temp_sudokuTest711.txt,94,26270,68,26,26270,23328,12014,224
44,2942,26,2,55,src/main/scala/temp_sudokuTest712.txt,42,26270,33,26,26270,23328,12014,211
93,2942,26,3,119,src/main/scala/temp_sudokuTest713.txt,88,26270,61,26,26270,23328,12014,254
45,2942,26,2,56,src/main/scala/temp_sudokuTest714.txt,45,26270,33,26,26270,23328,12014,194
19,2942,26,1,21,src/main/scala/temp_sudokuTest715.txt,17,26270,15,26,26270,23328,12014,188
52,2942,26,2,57,src/main/scala/temp_sudokuTest716.txt,49,26270,33,26,26270,23328,12014,204
35,2942,26,1,40,src/main/scala/temp_sudokuTest717.txt,34,26270,22,26,26270,23328,12014,354
83,2942,26,1,93,src/main/scala/temp_sudokuTest718.txt,82,26270,49,26,26270,23328,12014,243
42,2942,26,4,60,src/main/scala/temp_sudokuTest719.txt,41,26270,35,26,26270,23328,12014,192
44,2942,26,1,55,src/main/scala/temp_sudokuTest720.txt,42,26270,32,26,26270,23328,12014,198
129,2942,26,2,167,src/main/scala/temp_sudokuTest721.txt,121,26270,88,26,26270,23328,12014,258
226,2942,26,4,259,src/main/scala/temp_sudokuTest722.txt,223,26270,133,26,26270,23328,12014,282
62,2942,26,1,70,src/main/scala/temp_sudokuTest723.txt,59,26270,37,26,26270,23328,12014,225
56,2942,26,0,64,src/main/scala/temp_sudokuTest724.txt,56,26270,36,26,26270,23328,12014,362
101,2942,26,2,132,src/main/scala/temp_sudokuTest725.txt,100,26270,71,26,26270,23328,12014,239
94,2942,26,4,135,src/main/scala/temp_sudokuTest726.txt,93,26270,73,26,26270,23328,12014,213
59,2942,26,0,70,src/main/scala/temp_sudokuTest727.txt,55,26270,39,26,26270,23328,12014,360
112,2942,26,1,129,src/main/scala/temp_sudokuTest728.txt,110,26270,67,26,26270,23328,12014,254
131,2942,26,3,159,src/main/scala/temp_sudokuTest729.txt,124,26270,84,26,26270,23328,12014,258
33,2942,26,1,39,src/main/scala/temp_sudokuTest730.txt,31,26270,22,26,26270,23328,12014,173
29,2942,26,3,34,src/main/scala/temp_sudokuTest731.txt,27,26270,22,26,26270,23328,12014,183
82,2942,26,3,103,src/main/scala/temp_sudokuTest732.txt,81,26270,56,26,26270,23328,12014,219
49,2942,26,2,60,src/main/scala/temp_sudokuTest733.txt,47,26270,36,26,26270,23328,12014,347
172,2942,26,1,211,src/main/scala/temp_sudokuTest734.txt,171,26270,109,26,26270,23328,12014,440
131,2942,26,2,161,src/main/scala/temp_sudokuTest735.txt,125,26270,83,26,26270,23328,12014,405
55,2942,26,1,58,src/main/scala/temp_sudokuTest736.txt,54,26270,33,26,26270,23328,12014,399
94,2942,26,2,113,src/main/scala/temp_sudokuTest737.txt,90,26270,60,26,26270,23328,12014,227
42,2942,26,2,50,src/main/scala/temp_sudokuTest738.txt,40,26270,28,26,26270,23328,12014,204
22,2942,26,4,25,src/main/scala/temp_sudokuTest739.txt,22,26270,18,26,26270,23328,12014,178
116,2942,26,2,142,src/main/scala/temp_sudokuTest740.txt,115,26270,75,26,26270,23328,12014,265
24,2942,26,1,31,src/main/scala/temp_sudokuTest741.txt,24,26270,19,26,26270,23328,12014,184
16,2942,26,3,18,src/main/scala/temp_sudokuTest742.txt,15,26270,14,26,26270,23328,12014,171
18,2942,26,3,20,src/main/scala/temp_sudokuTest743.txt,17,26270,15,26,26270,23328,12014,182
220,2942,26,0,255,src/main/scala/temp_sudokuTest744.txt,217,26270,132,26,26270,23328,12014,472
145,2942,26,1,195,src/main/scala/temp_sudokuTest745.txt,139,26270,100,26,26270,23328,12014,243
132,2942,26,3,176,src/main/scala/temp_sudokuTest746.txt,121,26270,94,26,26270,23328,12014,211
53,2942,26,0,63,src/main/scala/temp_sudokuTest747.txt,50,26270,36,26,26270,23328,12014,200
139,2942,26,2,173,src/main/scala/temp_sudokuTest748.txt,136,26270,90,26,26270,23328,12014,413
182,2942,26,1,227,src/main/scala/temp_sudokuTest749.txt,176,26270,117,26,26270,23328,12014,284
308,2942,26,1,372,src/main/scala/temp_sudokuTest750.txt,306,26270,191,26,26270,23328,12014,549
258,2942,26,3,353,src/main/scala/temp_sudokuTest751.txt,258,26270,183,26,26270,23328,12014,298
35,2942,26,2,44,src/main/scala/temp_sudokuTest752.txt,34,26270,25,26,26270,23328,12014,186
38,2942,26,4,45,src/main/scala/temp_sudokuTest753.txt,37,26270,26,26,26270,23328,12014,191
160,2942,26,4,202,src/main/scala/temp_sudokuTest754.txt,156,26270,106,26,26270,23328,12014,410
75,2942,26,1,93,src/main/scala/temp_sudokuTest755.txt,72,26270,49,26,26270,23328,12014,392
231,2942,26,0,271,src/main/scala/temp_sudokuTest756.txt,226,26270,139,26,26270,23328,12014,488
74,2942,26,3,97,src/main/scala/temp_sudokuTest757.txt,73,26270,53,26,26270,23328,12014,221
39,2942,26,3,50,src/main/scala/temp_sudokuTest758.txt,37,26270,27,26,26270,23328,12014,208
91,2942,26,3,117,src/main/scala/temp_sudokuTest759.txt,90,26270,63,26,26270,23328,12014,219
20,2942,26,2,25,src/main/scala/temp_sudokuTest760.txt,20,26270,17,26,26270,23328,12014,182
236,2942,26,1,314,src/main/scala/temp_sudokuTest761.txt,224,26270,162,26,26270,23328,12014,295
160,2942,26,0,206,src/main/scala/temp_sudokuTest762.txt,156,26270,106,26,26270,23328,12014,294
47,2942,26,1,52,src/main/scala/temp_sudokuTest763.txt,46,26270,32,26,26270,23328,12014,355
181,2942,26,3,224,src/main/scala/temp_sudokuTest764.txt,176,26270,116,26,26270,23328,12014,324
67,2942,26,4,91,src/main/scala/temp_sudokuTest765.txt,66,26270,50,26,26270,23328,12014,222
272,2942,26,3,373,src/main/scala/temp_sudokuTest766.txt,267,26270,193,26,26270,23328,12014,341
34,2942,26,1,38,src/main/scala/temp_sudokuTest767.txt,33,26270,21,26,26270,23328,12014,196
38,2942,26,0,38,src/main/scala/temp_sudokuTest768.txt,37,26270,23,26,26270,23328,12014,359
66,2942,26,1,67,src/main/scala/temp_sudokuTest769.txt,65,26270,38,26,26270,23328,12014,393
66,2942,26,3,89,src/main/scala/temp_sudokuTest770.txt,63,26270,49,26,26270,23328,12014,215
127,2942,26,4,171,src/main/scala/temp_sudokuTest771.txt,125,26270,88,26,26270,23328,12014,413
159,2942,26,2,238,src/main/scala/temp_sudokuTest772.txt,158,26270,123,26,26270,23328,12014,266
45,2942,26,1,52,src/main/scala/temp_sudokuTest773.txt,44,26270,31,26,26270,23328,12014,207
12,2942,26,0,13,src/main/scala/temp_sudokuTest774.txt,12,26270,11,26,26270,23328,12014,182
129,2942,26,3,171,src/main/scala/temp_sudokuTest775.txt,128,26270,90,26,26270,23328,12014,234
59,2942,26,2,74,src/main/scala/temp_sudokuTest776.txt,59,26270,40,26,26270,23328,12014,231
436,2942,26,3,551,src/main/scala/temp_sudokuTest777.txt,430,26270,281,26,26270,23328,12014,419
71,2942,26,2,86,src/main/scala/temp_sudokuTest778.txt,69,26270,48,26,26270,23328,12014,203
66,2942,26,3,77,src/main/scala/temp_sudokuTest779.txt,64,26270,41,26,26270,23328,12014,211
85,2942,26,4,103,src/main/scala/temp_sudokuTest780.txt,79,26270,57,26,26270,23328,12014,217
118,2942,26,3,151,src/main/scala/temp_sudokuTest781.txt,116,26270,79,26,26270,23328,12014,251
34,2942,26,0,41,src/main/scala/temp_sudokuTest782.txt,33,26270,23,26,26270,23328,12014,197
76,2942,26,0,95,src/main/scala/temp_sudokuTest783.txt,76,26270,52,26,26270,23328,12014,228
80,2942,26,1,90,src/main/scala/temp_sudokuTest784.txt,79,26270,49,26,26270,23328,12014,381
106,2942,26,1,141,src/main/scala/temp_sudokuTest785.txt,105,26270,74,26,26270,23328,12014,386
120,2942,26,4,161,src/main/scala/temp_sudokuTest786.txt,119,26270,86,26,26270,23328,12014,228
211,2942,26,2,263,src/main/scala/temp_sudokuTest787.txt,207,26270,135,26,26270,23328,12014,411
61,2942,26,4,76,src/main/scala/temp_sudokuTest788.txt,60,26270,42,26,26270,23328,12014,206
32,2942,26,4,40,src/main/scala/temp_sudokuTest789.txt,31,26270,24,26,26270,23328,12014,194
44,2942,26,3,54,src/main/scala/temp_sudokuTest790.txt,42,26270,34,26,26270,23328,12014,201
22,2942,26,2,25,src/main/scala/temp_sudokuTest791.txt,22,26270,18,26,26270,23328,12014,172
16,2942,26,5,17,src/main/scala/temp_sudokuTest792.txt,15,26270,13,26,26270,23328,12014,183
38,2942,26,1,49,src/main/scala/temp_sudokuTest793.txt,38,26270,28,26,26270,23328,12014,337
45,2942,26,2,60,src/main/scala/temp_sudokuTest794.txt,45,26270,36,26,26270,23328,12014,185
92,2942,26,3,113,src/main/scala/temp_sudokuTest795.txt,91,26270,61,26,26270,23328,12014,238
105,2942,26,0,132,src/main/scala/temp_sudokuTest796.txt,103,26270,70,26,26270,23328,12014,277
371,2942,26,2,472,src/main/scala/temp_sudokuTest797.txt,367,26270,240,26,26270,23328,12014,436
97,2942,26,1,121,src/main/scala/temp_sudokuTest798.txt,96,26270,65,26,26270,23328,12014,219
62,2942,26,2,72,src/main/scala/temp_sudokuTest799.txt,62,26270,40,26,26270,23328,12014,233
102,2942,26,3,136,src/main/scala/temp_sudokuTest800.txt,98,26270,71,26,26270,23328,12014,231
28,2942,26,3,31,src/main/scala/temp_sudokuTest801.txt,27,26270,21,26,26270,23328,12014,194
119,2942,26,2,153,src/main/scala/temp_sudokuTest802.txt,116,26270,80,26,26270,23328,12014,260
167,2942,26,1,181,src/main/scala/temp_sudokuTest803.txt,160,26270,93,26,26270,23328,12014,307
281,2942,26,2,359,src/main/scala/temp_sudokuTest804.txt,279,26270,184,26,26270,23328,12014,532
185,2942,26,2,248,src/main/scala/temp_sudokuTest805.txt,179,26270,130,26,26270,23328,12014,259
198,2942,26,3,238,src/main/scala/temp_sudokuTest806.txt,192,26270,122,26,26270,23328,12014,248
39,2942,26,2,52,src/main/scala/temp_sudokuTest807.txt,38,26270,28,26,26270,23328,12014,196
37,2942,26,2,43,src/main/scala/temp_sudokuTest808.txt,35,26270,24,26,26270,23328,12014,338
299,2942,26,0,388,src/main/scala/temp_sudokuTest809.txt,293,26270,198,26,26270,23328,12014,320
300,2942,26,3,380,src/main/scala/temp_sudokuTest810.txt,280,26270,193,26,26270,23328,12014,369
13,2942,26,2,15,src/main/scala/temp_sudokuTest811.txt,13,26270,13,26,26270,23328,12014,178
54,2942,26,0,65,src/main/scala/temp_sudokuTest812.txt,51,26270,36,26,26270,23328,12014,206
166,2942,26,3,212,src/main/scala/temp_sudokuTest813.txt,158,26270,111,26,26270,23328,12014,246
82,2942,26,0,97,src/main/scala/temp_sudokuTest814.txt,81,26270,52,26,26270,23328,12014,382
49,2942,26,0,62,src/main/scala/temp_sudokuTest815.txt,49,26270,35,26,26270,23328,12014,356
40,2942,26,2,53,src/main/scala/temp_sudokuTest816.txt,39,26270,29,26,26270,23328,12014,351
20,2942,26,3,27,src/main/scala/temp_sudokuTest817.txt,20,26270,17,26,26270,23328,12014,173
25,2942,26,3,28,src/main/scala/temp_sudokuTest818.txt,24,26270,19,26,26270,23328,12014,192
80,2942,26,2,105,src/main/scala/temp_sudokuTest819.txt,79,26270,57,26,26270,23328,12014,216
110,2942,26,2,126,src/main/scala/temp_sudokuTest820.txt,104,26270,66,26,26270,23328,12014,231
326,2942,26,3,439,src/main/scala/temp_sudokuTest821.txt,320,26270,224,26,26270,23328,12014,495
27,2942,26,0,37,src/main/scala/temp_sudokuTest822.txt,27,26270,23,26,26270,23328,12014,184
54,2942,26,4,66,src/main/scala/temp_sudokuTest823.txt,52,26270,35,26,26270,23328,12014,209
88,2942,26,3,117,src/main/scala/temp_sudokuTest824.txt,84,26270,63,26,26270,23328,12014,219
253,2942,26,2,371,src/main/scala/temp_sudokuTest825.txt,245,26270,190,26,26270,23328,12014,301
64,2942,26,1,74,src/main/scala/temp_sudokuTest826.txt,63,26270,41,26,26270,23328,12014,360
63,2942,26,0,75,src/main/scala/temp_sudokuTest827.txt,62,26270,40,26,26270,23328,12014,384
42,2942,26,2,53,src/main/scala/temp_sudokuTest828.txt,37,26270,30,26,26270,23328,12014,194
124,2942,26,3,163,src/main/scala/temp_sudokuTest829.txt,123,26270,85,26,26270,23328,12014,268
19,2942,26,3,22,src/main/scala/temp_sudokuTest830.txt,18,26270,16,26,26270,23328,12014,176
18,2942,26,3,22,src/main/scala/temp_sudokuTest831.txt,18,26270,16,26,26270,23328,12014,176
31,2942,26,1,34,src/main/scala/temp_sudokuTest832.txt,30,26270,20,26,26270,23328,12014,191
91,2942,26,2,103,src/main/scala/temp_sudokuTest833.txt,90,26270,55,26,26270,23328,12014,413
87,2942,26,3,120,src/main/scala/temp_sudokuTest834.txt,86,26270,63,26,26270,23328,12014,215
29,2942,26,4,36,src/main/scala/temp_sudokuTest835.txt,28,26270,22,26,26270,23328,12014,193
74,2942,26,1,86,src/main/scala/temp_sudokuTest836.txt,72,26270,48,26,26270,23328,12014,235
24,2942,26,1,26,src/main/scala/temp_sudokuTest837.txt,23,26270,16,26,26270,23328,12014,188
132,2942,26,1,157,src/main/scala/temp_sudokuTest838.txt,129,26270,81,26,26270,23328,12014,252
21,2942,26,1,22,src/main/scala/temp_sudokuTest839.txt,20,26270,15,26,26270,23328,12014,189
30,2942,26,1,38,src/main/scala/temp_sudokuTest840.txt,29,26270,23,26,26270,23328,12014,188
48,2942,26,2,55,src/main/scala/temp_sudokuTest841.txt,48,26270,32,26,26270,23328,12014,369
64,2942,26,3,82,src/main/scala/temp_sudokuTest842.txt,60,26270,45,26,26270,23328,12014,351
76,2942,26,4,96,src/main/scala/temp_sudokuTest843.txt,74,26270,52,26,26270,23328,12014,367
74,2942,26,1,100,src/main/scala/temp_sudokuTest844.txt,73,26270,53,26,26270,23328,12014,366
182,2942,26,0,213,src/main/scala/temp_sudokuTest845.txt,181,26270,112,26,26270,23328,12014,461
111,2942,26,1,129,src/main/scala/temp_sudokuTest846.txt,110,26270,68,26,26270,23328,12014,262
79,2942,26,3,103,src/main/scala/temp_sudokuTest847.txt,77,26270,56,26,26270,23328,12014,214
84,2942,26,2,111,src/main/scala/temp_sudokuTest848.txt,82,26270,60,26,26270,23328,12014,207
18,2942,26,1,20,src/main/scala/temp_sudokuTest849.txt,17,26270,14,26,26270,23328,12014,180
317,2942,26,1,367,src/main/scala/temp_sudokuTest850.txt,313,26270,186,26,26270,23328,12014,568
45,2942,26,3,58,src/main/scala/temp_sudokuTest851.txt,43,26270,33,26,26270,23328,12014,200
61,2942,26,5,68,src/main/scala/temp_sudokuTest852.txt,60,26270,39,26,26270,23328,12014,367
90,2942,26,2,121,src/main/scala/temp_sudokuTest853.txt,87,26270,64,26,26270,23328,12014,368
50,2942,26,2,56,src/main/scala/temp_sudokuTest854.txt,49,26270,31,26,26270,23328,12014,214
100,2942,26,1,116,src/main/scala/temp_sudokuTest855.txt,100,26270,62,26,26270,23328,12014,230
69,2942,26,2,91,src/main/scala/temp_sudokuTest856.txt,68,26270,49,26,26270,23328,12014,374
98,2942,26,0,107,src/main/scala/temp_sudokuTest857.txt,92,26270,56,26,26270,23328,12014,383
603,2942,26,1,796,src/main/scala/temp_sudokuTest858.txt,579,26270,401,26,26270,23328,12014,661
78,2942,26,1,99,src/main/scala/temp_sudokuTest859.txt,77,26270,52,26,26270,23328,12014,231
202,2942,26,1,261,src/main/scala/temp_sudokuTest860.txt,195,26270,133,26,26270,23328,12014,273
76,2942,26,2,93,src/main/scala/temp_sudokuTest861.txt,65,26270,50,26,26270,23328,12014,246
192,2942,26,2,220,src/main/scala/temp_sudokuTest862.txt,190,26270,113,26,26270,23328,12014,418
86,2942,26,0,104,src/main/scala/temp_sudokuTest863.txt,83,26270,56,26,26270,23328,12014,404
25,2942,26,3,29,src/main/scala/temp_sudokuTest864.txt,25,26270,19,26,26270,23328,12014,189
123,2942,26,3,157,src/main/scala/temp_sudokuTest865.txt,123,26270,83,26,26270,23328,12014,239
126,2942,26,1,155,src/main/scala/temp_sudokuTest866.txt,125,26270,82,26,26270,23328,12014,416
66,2942,26,1,79,src/main/scala/temp_sudokuTest867.txt,65,26270,42,26,26270,23328,12014,205
28,2942,26,1,31,src/main/scala/temp_sudokuTest868.txt,27,26270,20,26,26270,23328,12014,187
27,2942,26,3,30,src/main/scala/temp_sudokuTest869.txt,26,26270,22,26,26270,23328,12014,181
59,2942,26,0,77,src/main/scala/temp_sudokuTest870.txt,57,26270,42,26,26270,23328,12014,345
89,2942,26,0,106,src/main/scala/temp_sudokuTest871.txt,86,26270,56,26,26270,23328,12014,404
141,2942,26,2,172,src/main/scala/temp_sudokuTest872.txt,134,26270,90,26,26270,23328,12014,408
40,2942,26,3,48,src/main/scala/temp_sudokuTest873.txt,39,26270,28,26,26270,23328,12014,200
67,2942,26,1,89,src/main/scala/temp_sudokuTest874.txt,64,26270,47,26,26270,23328,12014,230
45,2942,26,0,50,src/main/scala/temp_sudokuTest875.txt,45,26270,29,26,26270,23328,12014,353
27,2942,26,3,28,src/main/scala/temp_sudokuTest876.txt,26,26270,18,26,26270,23328,12014,183
70,2942,26,1,91,src/main/scala/temp_sudokuTest877.txt,70,26270,49,26,26270,23328,12014,213
41,2942,26,3,49,src/main/scala/temp_sudokuTest878.txt,37,26270,28,26,26270,23328,12014,337
69,2942,26,0,85,src/main/scala/temp_sudokuTest879.txt,68,26270,45,26,26270,23328,12014,373
64,2942,26,2,79,src/main/scala/temp_sudokuTest880.txt,63,26270,43,26,26270,23328,12014,215
50,2942,26,1,57,src/main/scala/temp_sudokuTest881.txt,50,26270,34,26,26270,23328,12014,340
106,2942,26,4,148,src/main/scala/temp_sudokuTest882.txt,105,26270,78,26,26270,23328,12014,265
45,2942,26,4,58,src/main/scala/temp_sudokuTest883.txt,43,26270,33,26,26270,23328,12014,195
83,2942,26,3,105,src/main/scala/temp_sudokuTest884.txt,81,26270,57,26,26270,23328,12014,371
17,2942,26,3,20,src/main/scala/temp_sudokuTest885.txt,17,26270,14,26,26270,23328,12014,181
44,2942,26,3,53,src/main/scala/temp_sudokuTest886.txt,43,26270,30,26,26270,23328,12014,202
115,2942,26,2,147,src/main/scala/temp_sudokuTest887.txt,114,26270,77,26,26270,23328,12014,249
63,2942,26,3,78,src/main/scala/temp_sudokuTest888.txt,61,26270,41,26,26270,23328,12014,212
412,2942,26,1,538,src/main/scala/temp_sudokuTest889.txt,408,26270,272,26,26270,23328,12014,547
82,2942,26,4,119,src/main/scala/temp_sudokuTest890.txt,78,26270,64,26,26270,23328,12014,204
109,2942,26,2,138,src/main/scala/temp_sudokuTest891.txt,108,26270,73,26,26270,23328,12014,367
46,2942,26,2,61,src/main/scala/temp_sudokuTest892.txt,45,26270,35,26,26270,23328,12014,201
83,2942,26,0,96,src/main/scala/temp_sudokuTest893.txt,81,26270,52,26,26270,23328,12014,220
21,2942,26,4,24,src/main/scala/temp_sudokuTest894.txt,20,26270,17,26,26270,23328,12014,178
48,2942,26,2,63,src/main/scala/temp_sudokuTest895.txt,46,26270,35,26,26270,23328,12014,344
47,2942,26,3,56,src/main/scala/temp_sudokuTest896.txt,46,26270,32,26,26270,23328,12014,186
54,2942,26,3,65,src/main/scala/temp_sudokuTest897.txt,52,26270,38,26,26270,23328,12014,206
45,2942,26,4,53,src/main/scala/temp_sudokuTest898.txt,44,26270,31,26,26270,23328,12014,197
29,2942,26,1,35,src/main/scala/temp_sudokuTest899.txt,29,26270,21,26,26270,23328,12014,200
155,2942,26,2,207,src/main/scala/temp_sudokuTest900.txt,152,26270,110,26,26270,23328,12014,401
24,2942,26,2,27,src/main/scala/temp_sudokuTest901.txt,22,26270,17,26,26270,23328,12014,180
88,2942,26,2,114,src/main/scala/temp_sudokuTest902.txt,87,26270,61,26,26270,23328,12014,370
147,2942,26,2,208,src/main/scala/temp_sudokuTest903.txt,147,26270,108,26,26270,23328,12014,272
41,2942,26,3,47,src/main/scala/temp_sudokuTest904.txt,40,26270,28,26,26270,23328,12014,184
172,2942,26,3,235,src/main/scala/temp_sudokuTest905.txt,167,26270,124,26,26270,23328,12014,298
164,2942,26,0,222,src/main/scala/temp_sudokuTest906.txt,160,26270,116,26,26270,23328,12014,311
197,2942,26,1,239,src/main/scala/temp_sudokuTest907.txt,189,26270,124,26,26270,23328,12014,326
23,2942,26,2,29,src/main/scala/temp_sudokuTest908.txt,22,26270,20,26,26270,23328,12014,177
99,2942,26,3,128,src/main/scala/temp_sudokuTest909.txt,96,26270,68,26,26270,23328,12014,389
324,2942,26,2,409,src/main/scala/temp_sudokuTest910.txt,320,26270,207,26,26270,23328,12014,442
79,2942,26,3,89,src/main/scala/temp_sudokuTest911.txt,78,26270,50,26,26270,23328,12014,191
23,2942,26,3,25,src/main/scala/temp_sudokuTest912.txt,22,26270,18,26,26270,23328,12014,178
36,2942,26,1,42,src/main/scala/temp_sudokuTest913.txt,33,26270,23,26,26270,23328,12014,186
150,2942,26,4,194,src/main/scala/temp_sudokuTest914.txt,139,26270,100,26,26270,23328,12014,272
90,2942,26,2,103,src/main/scala/temp_sudokuTest915.txt,87,26270,55,26,26270,23328,12014,372
241,2942,26,0,309,src/main/scala/temp_sudokuTest916.txt,233,26270,161,26,26270,23328,12014,461
22,2943,27,0,25,src/main/scala/temp_sudokuTest917.txt,21,26271,15,27,26271,23328,12015,336
72,2943,27,1,94,src/main/scala/temp_sudokuTest918.txt,70,26271,50,27,26271,23328,12015,236
56,2943,27,0,71,src/main/scala/temp_sudokuTest919.txt,53,26271,38,27,26271,23328,12015,359
31,2943,27,1,41,src/main/scala/temp_sudokuTest920.txt,31,26271,26,27,26271,23328,12015,190
54,2943,27,1,73,src/main/scala/temp_sudokuTest921.txt,53,26271,40,27,26271,23328,12015,211
115,2943,27,3,153,src/main/scala/temp_sudokuTest922.txt,113,26271,82,27,26271,23328,12015,232
134,2943,27,2,174,src/main/scala/temp_sudokuTest923.txt,131,26271,91,27,26271,23328,12015,457
201,2943,27,1,244,src/main/scala/temp_sudokuTest924.txt,197,26271,128,27,26271,23328,12015,337
97,2943,27,5,127,src/main/scala/temp_sudokuTest925.txt,95,26271,70,27,26271,23328,12015,226
27,2943,27,2,34,src/main/scala/temp_sudokuTest926.txt,26,26271,20,27,26271,23328,12015,191
96,2943,27,3,137,src/main/scala/temp_sudokuTest927.txt,93,26271,72,27,26271,23328,12015,396
14,2943,27,3,15,src/main/scala/temp_sudokuTest928.txt,12,26271,11,27,26271,23328,12015,174
48,2943,27,3,61,src/main/scala/temp_sudokuTest929.txt,47,26271,35,27,26271,23328,12015,200
57,2943,27,0,64,src/main/scala/temp_sudokuTest930.txt,56,26271,35,27,26271,23328,12015,367
165,2943,27,2,220,src/main/scala/temp_sudokuTest931.txt,162,26271,115,27,26271,23328,12015,249
14,2943,27,2,17,src/main/scala/temp_sudokuTest932.txt,13,26271,12,27,26271,23328,12015,178
78,2943,27,2,96,src/main/scala/temp_sudokuTest933.txt,77,26271,54,27,26271,23328,12015,230
25,2943,27,1,27,src/main/scala/temp_sudokuTest934.txt,24,26271,21,27,26271,23328,12015,180
99,2943,27,1,126,src/main/scala/temp_sudokuTest935.txt,96,26271,68,27,26271,23328,12015,216
43,2943,27,2,52,src/main/scala/temp_sudokuTest936.txt,43,26271,30,27,26271,23328,12015,351
20,2943,27,0,22,src/main/scala/temp_sudokuTest937.txt,19,26271,13,27,26271,23328,12015,184
31,2943,27,4,36,src/main/scala/temp_sudokuTest938.txt,30,26271,21,27,26271,23328,12015,198
63,2943,27,4,82,src/main/scala/temp_sudokuTest939.txt,62,26271,47,27,26271,23328,12015,205
36,2943,27,1,41,src/main/scala/temp_sudokuTest940.txt,35,26271,24,27,26271,23328,12015,360
256,2943,27,1,345,src/main/scala/temp_sudokuTest941.txt,253,26271,177,27,26271,23328,12015,311
149,2943,27,2,187,src/main/scala/temp_sudokuTest942.txt,145,26271,99,27,26271,23328,12015,250
17,2943,27,1,19,src/main/scala/temp_sudokuTest943.txt,16,26271,13,27,26271,23328,12015,182
55,2943,27,3,69,src/main/scala/temp_sudokuTest944.txt,53,26271,41,27,26271,23328,12015,212
23,2943,27,3,25,src/main/scala/temp_sudokuTest945.txt,21,26271,17,27,26271,23328,12015,179
45,2943,27,0,54,src/main/scala/temp_sudokuTest946.txt,44,26271,30,27,26271,23328,12015,351
254,2943,27,0,331,src/main/scala/temp_sudokuTest947.txt,248,26271,169,27,26271,23328,12015,457
86,2943,27,4,112,src/main/scala/temp_sudokuTest948.txt,84,26271,61,27,26271,23328,12015,256
535,2943,27,0,655,src/main/scala/temp_sudokuTest949.txt,529,26271,332,27,26271,23328,12015,532
18,2943,27,4,24,src/main/scala/temp_sudokuTest950.txt,18,26271,16,27,26271,23328,12015,233
38,2943,27,4,46,src/main/scala/temp_sudokuTest951.txt,37,26271,30,27,26271,23328,12015,211
102,2943,27,0,115,src/main/scala/temp_sudokuTest952.txt,99,26271,59,27,26271,23328,12015,636
251,2943,27,2,317,src/main/scala/temp_sudokuTest953.txt,250,26271,163,27,26271,23328,12015,420
29,2943,27,0,36,src/main/scala/temp_sudokuTest954.txt,28,26271,23,27,26271,23328,12015,187
14,2943,27,3,15,src/main/scala/temp_sudokuTest955.txt,13,26271,12,27,26271,23328,12015,181
43,2943,27,2,52,src/main/scala/temp_sudokuTest956.txt,41,26271,32,27,26271,23328,12015,185
89,2943,27,4,113,src/main/scala/temp_sudokuTest957.txt,88,26271,61,27,26271,23328,12015,232
36,2943,27,1,48,src/main/scala/temp_sudokuTest958.txt,35,26271,27,27,26271,23328,12015,192
23,2943,27,1,27,src/main/scala/temp_sudokuTest959.txt,21,26271,16,27,26271,23328,12015,194
44,2943,27,1,49,src/main/scala/temp_sudokuTest960.txt,43,26271,30,27,26271,23328,12015,203
117,2943,27,3,141,src/main/scala/temp_sudokuTest961.txt,113,26271,75,27,26271,23328,12015,237
23,2943,27,3,29,src/main/scala/temp_sudokuTest962.txt,22,26271,19,27,26271,23328,12015,183
30,2943,27,4,45,src/main/scala/temp_sudokuTest963.txt,29,26271,25,27,26271,23328,12015,194
23,2943,27,4,26,src/main/scala/temp_sudokuTest964.txt,22,26271,17,27,26271,23328,12015,194
20,2943,27,1,23,src/main/scala/temp_sudokuTest965.txt,19,26271,15,27,26271,23328,12015,180
497,2943,27,2,682,src/main/scala/temp_sudokuTest966.txt,488,26271,345,27,26271,23328,12015,603
24,2943,27,2,28,src/main/scala/temp_sudokuTest967.txt,23,26271,19,27,26271,23328,12015,182
153,2943,27,3,185,src/main/scala/temp_sudokuTest968.txt,148,26271,95,27,26271,23328,12015,441
72,2943,27,3,94,src/main/scala/temp_sudokuTest969.txt,70,26271,52,27,26271,23328,12015,195
128,2943,27,2,166,src/main/scala/temp_sudokuTest970.txt,125,26271,89,27,26271,23328,12015,241
256,2943,27,2,352,src/main/scala/temp_sudokuTest971.txt,251,26271,180,27,26271,23328,12015,304
55,2943,27,2,66,src/main/scala/temp_sudokuTest972.txt,55,26271,37,27,26271,23328,12015,201
69,2943,27,2,85,src/main/scala/temp_sudokuTest973.txt,67,26271,46,27,26271,23328,12015,221
49,2943,27,3,54,src/main/scala/temp_sudokuTest974.txt,46,26271,32,27,26271,23328,12015,205
141,2943,27,1,180,src/main/scala/temp_sudokuTest975.txt,139,26271,93,27,26271,23328,12015,25647
157,2943,27,4,204,src/main/scala/temp_sudokuTest976.txt,156,26271,105,27,26271,23328,12015,315
18,2943,27,2,19,src/main/scala/temp_sudokuTest977.txt,17,26271,14,27,26271,23328,12015,294
44,2943,27,2,53,src/main/scala/temp_sudokuTest978.txt,43,26271,29,27,26271,23328,12015,418
325,2943,27,4,408,src/main/scala/temp_sudokuTest979.txt,321,26271,209,27,26271,23328,12015,671
14,2943,27,1,15,src/main/scala/temp_sudokuTest980.txt,13,26271,12,27,26271,23328,12015,227
186,2943,27,3,234,src/main/scala/temp_sudokuTest981.txt,183,26271,120,27,26271,23328,12015,532
221,2943,27,1,293,src/main/scala/temp_sudokuTest982.txt,219,26271,154,27,26271,23328,12015,813
48,2943,27,3,54,src/main/scala/temp_sudokuTest983.txt,46,26271,31,27,26271,23328,12015,526
145,2943,27,2,180,src/main/scala/temp_sudokuTest984.txt,143,26271,94,27,26271,23328,12015,631
179,2943,27,1,202,src/main/scala/temp_sudokuTest985.txt,174,26271,104,27,26271,23328,12015,323
20,2943,27,4,23,src/main/scala/temp_sudokuTest986.txt,20,26271,16,27,26271,23328,12015,180
35,2943,27,2,48,src/main/scala/temp_sudokuTest987.txt,35,26271,28,27,26271,23328,12015,198
102,2943,27,1,130,src/main/scala/temp_sudokuTest988.txt,101,26271,67,27,26271,23328,12015,376
19,2943,27,0,23,src/main/scala/temp_sudokuTest989.txt,17,26271,14,27,26271,23328,12015,195
98,2943,27,3,117,src/main/scala/temp_sudokuTest990.txt,97,26271,64,27,26271,23328,12015,414
55,2943,27,2,60,src/main/scala/temp_sudokuTest991.txt,54,26271,34,27,26271,23328,12015,385
33,2943,27,2,42,src/main/scala/temp_sudokuTest992.txt,32,26271,26,27,26271,23328,12015,185
83,2943,27,0,93,src/main/scala/temp_sudokuTest993.txt,81,26271,48,27,26271,23328,12015,215
25,2943,27,3,30,src/main/scala/temp_sudokuTest994.txt,24,26271,18,27,26271,23328,12015,342
66,2943,27,3,77,src/main/scala/temp_sudokuTest995.txt,63,26271,43,27,26271,23328,12015,208
17,2944,28,3,19,src/main/scala/temp_sudokuTest996.txt,15,26272,12,28,26272,23328,12016,187
37,2944,28,4,41,src/main/scala/temp_sudokuTest997.txt,36,26272,27,28,26272,23328,12016,187
127,2944,28,1,176,src/main/scala/temp_sudokuTest998.txt,122,26272,92,28,26272,23328,12016,399
58,2944,28,1,69,src/main/scala/temp_sudokuTest999.txt,55,26272,38,28,26272,23328,12016,207
136,2944,28,4,186,src/main/scala/temp_sudokuTest1000.txt,132,26272,97,28,26272,23328,12016,245
186,2944,28,2,229,src/main/scala/temp_sudokuTest1001.txt,183,26272,118,28,26272,23328,12016,495
51,2944,28,1,59,src/main/scala/temp_sudokuTest1002.txt,42,26272,33,28,26272,23328,12016,210
186,2944,28,0,234,src/main/scala/temp_sudokuTest1003.txt,181,26272,123,28,26272,23328,12016,436
48,2944,28,2,60,src/main/scala/temp_sudokuTest1004.txt,47,26272,36,28,26272,23328,12016,384
26,2944,28,4,32,src/main/scala/temp_sudokuTest1005.txt,26,26272,22,28,26272,23328,12016,329
71,2944,28,1,87,src/main/scala/temp_sudokuTest1006.txt,68,26272,47,28,26272,23328,12016,289
22,2944,28,2,29,src/main/scala/temp_sudokuTest1007.txt,22,26272,18,28,26272,23328,12016,183
20,2944,28,0,22,src/main/scala/temp_sudokuTest1008.txt,19,26272,15,28,26272,23328,12016,187
49,2944,28,2,59,src/main/scala/temp_sudokuTest1009.txt,47,26272,33,28,26272,23328,12016,339
44,2945,29,1,55,src/main/scala/temp_sudokuTest1010.txt,42,26273,32,29,26273,23328,12017,360
208,2945,29,4,272,src/main/scala/temp_sudokuTest1011.txt,197,26273,142,29,26273,23328,12017,249
